city,jan,feb,mar,apr,may,jun,jul,aug,sep,oct,nov,dec
Acampo,555749.0,557124.0,559033.0,558365.0,559425.0,560189.0,559229.0,556120.0,553692.0,551351.0,551444.0,550048.0
Acton,604387.0,604697.0,605355.0,605615.0,607799.0,609758.0,607143.0,603656.0,602175.0,606199.0,609343.0,612219.0
Adelanto,233445.0,234638.0,235892.0,236498.0,237585.0,237840.0,237916.0,237594.0,237711.0,238727.0,240068.0,241286.0
Adin,152317.0,152542.0,152708.0,153201.0,153249.0,153371.0,152798.0,152231.0,151916.0,152828.0,153241.0,153308.0
Agoura Hills,892446.0,888334.0,886704.0,883896.0,884138.0,885551.0,884656.0,885395.0,888037.0,892836.0,895788.0,898531.0
Aguanga,377606.0,378313.0,380140.0,382172.0,383553.0,383936.0,386498.0,388717.0,391085.0,390023.0,388955.0,388785.0
Ahwahnee,337366.0,336701.0,334164.0,332676.0,333514.0,336289.0,338631.0,339527.0,340603.0,341554.0,342748.0,343975.0
Alameda,969907.5,965514.0,969719.0,972838.5,975326.0,976696.5,987120.0,994889.0,1002839.5,1001780.5,999068.5,1002400.0
Alamo,1881246.0,1862368.0,1849503.0,1851424.0,1857358.0,1859712.0,1854403.0,1845018.0,1827481.0,1823818.0,1825851.0,1837792.0
Albany,1033994.0,1028618.0,1028165.0,1030041.0,1027714.0,1026655.0,1028350.0,1032666.0,1039134.0,1041460.0,1041869.0,1045909.0
Albion,657276.0,659279.0,655168.0,647738.0,641158.0,638107.0,637050.0,633822.0,631453.0,628914.0,622958.0,618045.0
Alhambra,666614.0,664098.0,661644.5,661011.5,660436.5,661923.5,657343.5,656132.0,656211.0,661675.5,664389.0,666841.0
Aliso Viejo,619789.0,618136.0,617122.0,615661.0,614986.0,613135.0,612096.0,611546.0,614428.0,616852.0,617378.0,616168.0
Alpaugh,132838.0,130956.0,131604.0,134667.0,139034.0,140755.0,138828.0,135223.0,134394.0,137439.0,140350.0,143468.0
Alpine,630845.0,629401.0,629974.0,632137.0,631308.0,631465.0,633596.0,636425.0,636134.0,635613.0,636462.0,639518.0
Alta,357309.0,358281.0,356750.0,357250.0,359087.0,361902.0,361257.0,358876.0,356843.0,354987.0,355057.0,356226.0
Altadena,883246.0,879917.0,878601.0,879369.0,881311.0,883814.0,879480.0,879149.0,881038.0,888695.0,894014.0,898989.0
American Canyon,598719.0,600440.0,600527.0,597713.0,596259.0,592693.0,591180.0,588585.0,590630.0,592423.0,595000.0,594908.0
Anaheim,593209.0,591540.0,591681.0,592232.0,594492.0,594921.0,596519.0,598558.0,603368.0,606731.0,608432.0,608804.0
Anderson,235226.0,237310.0,238064.0,238224.0,239175.0,242032.0,243398.0,243848.0,244224.0,245203.0,246216.0,246892.0
Angelus Oaks,258008.0,257426.0,256731.0,256258.0,256194.0,258328.0,259235.0,262102.0,264456.0,267477.0,268492.0,268243.0
Angwin,874125.0,881186.0,884986.0,888142.0,900275.0,906398.0,896961.0,878733.0,869188.0,868434.0,865182.0,859138.0
Annapolis,872539.0,863282.0,856438.0,851596.0,852007.0,864362.0,865700.0,871177.0,877437.0,890631.0,895292.0,886820.0
Antioch,540668.0,541721.5,538056.5,533615.0,531643.0,531648.5,533646.0,535114.5,538162.5,540554.5,543292.0,547181.0
Anza,281400.0,282495.0,283899.0,284143.0,284552.0,284668.0,287343.0,289759.0,290255.0,287725.0,284792.0,284719.0
Apple Valley,261514.5,262034.5,262776.5,263198.0,264414.0,265199.5,265585.5,265895.0,266079.0,267097.5,268185.0,269286.5
Applegate,429662.0,433205.0,436332.0,440775.0,444875.0,444565.0,441996.0,439944.0,440702.0,441126.0,440529.0,441041.0
Aptos,974428.0,977144.0,973970.0,975482.0,968613.0,963293.0,954949.0,946061.0,944361.0,947275.0,947758.0,945163.0
Arcadia,1040905.0,1034619.5,1027461.0,1023507.5,1022508.0,1023055.5,1008012.0,998767.0,991972.5,999228.5,999909.0,1001866.0
Arcata,364861.0,364347.0,362690.0,362934.0,363531.0,364026.0,362438.0,362617.0,363013.0,364271.0,364461.0,364143.0
Arden-Arcade,346808.0,347526.0,347884.0,349673.0,352023.0,353973.0,354207.0,354598.0,355405.0,357032.0,359661.0,362929.0
Aromas,701239.0,704429.0,709470.0,714259.0,716152.0,713236.0,704258.0,698940.0,694490.0,695703.0,697052.0,699803.0
Artesia,557003.0,554159.0,552510.0,550827.0,550803.0,550697.0,550873.0,551561.0,553590.0,556008.0,558201.0,560970.0
Arvin,177484.0,178916.0,179275.0,179005.0,179347.0,180433.0,180770.0,181092.0,181459.0,182402.0,183703.0,184674.0
Atascadero,530331.0,528864.0,529728.0,532875.0,539641.0,540301.0,536573.0,535303.0,537255.0,540689.0,540728.0,540032.0
Atherton,6352282.0,6307507.0,6275548.0,6286839.0,6284198.0,6311989.0,6355335.0,6413323.0,6508379.0,6514409.0,6528351.0,6513056.0
Atwater,269529.0,268734.0,267933.0,268961.0,270045.0,270494.0,269679.0,269288.0,268997.0,269470.0,269385.0,269440.0
Auberry,285403.0,286570.0,288931.0,289493.0,289921.0,291347.0,294565.0,299416.0,302848.0,303021.0,300564.0,298323.0
Auburn,471021.0,473889.5,476833.5,479956.5,482531.0,482334.0,479290.5,477124.0,476668.5,477512.0,478303.0,480520.0
Avalon,728521.0,728345.0,728907.0,724525.0,723196.0,723920.0,719892.0,718522.0,716656.0,720433.0,717148.0,715970.0
Avenal,135070.0,136691.0,136547.0,137047.0,138578.0,139761.0,139460.0,136874.0,135682.0,135835.0,137002.0,139060.0
Azusa,475442.0,473370.0,471544.0,471366.0,472188.0,473535.0,472409.0,472123.0,473128.0,475650.0,477931.0,480406.0
Bakersfield,211842.0,213074.0,213963.0,214129.0,215076.0,216220.0,217011.0,218095.0,218762.0,219399.0,220085.0,220770.0
Baldwin Park,473144.0,469825.0,466905.0,466314.0,466964.0,467527.0,464833.0,462867.0,462534.0,465216.0,467745.0,470660.0
Ballico,385664.0,387446.0,390863.0,391972.0,392167.0,392118.0,389379.0,388206.0,386298.0,386195.0,385210.0,384137.0
Bangor,274551.0,282746.0,287743.0,288335.0,287742.0,287562.0,288630.0,290598.0,292215.0,292799.0,294143.0,294295.0
Banning,261985.0,263258.0,264409.0,265053.0,264803.0,264886.0,265487.0,266078.0,265801.0,265248.0,263908.0,264613.0
Barstow,145726.0,146654.0,147428.0,147879.0,148603.0,149253.0,149542.0,149579.0,149861.0,150597.0,151766.0,152496.0
Bass Lake,432137.5,428377.0,425559.0,426539.0,429835.0,433459.5,427184.0,419840.5,414005.0,418112.5,425660.5,432334.5
Bayside,509305.5,510911.5,506902.0,504392.5,502746.5,502334.0,494282.5,491039.0,488869.5,494497.5,496425.5,499403.0
Beaumont,341393.0,342923.0,344881.0,345836.0,345755.0,345894.0,346197.0,346675.0,346328.0,347621.0,348085.0,350785.0
Bell,451985.0,451959.0,452378.0,452891.0,452835.0,453393.0,452322.0,452175.0,453846.0,457415.0,460570.0,463997.0
Bellflower,521755.0,519833.0,518077.0,517676.0,518270.0,519110.0,516868.0,516523.0,517648.0,521407.0,523898.0,527217.0
Belmont,1841620.0,1830648.0,1822848.0,1821626.0,1821907.0,1815629.0,1811806.0,1798123.0,1800369.0,1792690.0,1797017.0,1797761.0
Ben Lomond,709116.0,712809.5,710509.5,716736.5,716330.5,719761.0,717097.0,713709.5,712542.0,711925.5,708886.5,706043.0
Benicia,631215.0,627286.0,626776.0,628989.0,631709.0,631450.0,633035.0,636639.0,640258.0,642336.0,638451.0,633318.0
Berkeley,1186389.5,1182330.5,1181975.5,1183287.5,1180747.5,1186037.0,1198596.0,1212059.5,1225440.0,1229844.5,1230775.0,1235571.0
Berry Creek,210321.0,215484.0,217125.0,219216.0,219566.0,221829.0,222938.0,224721.0,226011.0,226674.0,227933.0,227901.0
Bethel Island,485385.0,480713.0,477162.0,473848.0,474731.0,472341.0,469810.0,470857.0,472571.0,475002.0,471258.0,470368.0
Beverly Hills,2559725.0,2545279.0,2534404.0,2539094.0,2554407.0,2566169.0,2504824.0,2458976.0,2419151.0,2455587.0,2465883.0,2480185.0
Bieber,127465.0,126860.0,126259.0,126527.0,127280.0,127754.0,128030.0,127822.0,127952.0,128225.0,128121.0,127826.0
Big Bear City,265830.0,265936.0,265574.0,264874.0,265101.0,265249.0,265242.0,266024.0,266687.0,267636.0,267802.0,267707.0
Big Bear Lake,360215.0,360402.0,360365.0,360329.0,360639.0,361156.0,361156.0,363029.0,364622.0,367019.0,368105.0,368698.0
Big Creek,436667.0,436050.0,433131.0,428834.0,427234.0,427343.0,434131.0,442661.0,448830.0,450223.0,448423.0,446799.0
Big Sur,1706089.0,1712231.0,1719920.0,1713160.0,1733024.0,1738784.0,1742098.0,1752501.0,1780105.0,1791630.0,1781226.0,1774155.0
Biggs,229576.0,237455.0,243255.0,247049.0,249903.0,251497.0,255128.0,257096.0,259718.0,259905.0,261424.0,261636.0
Bloomington,341955.0,342794.0,344212.0,345103.0,346482.0,346761.0,346043.0,346036.0,347147.0,349874.0,352407.0,354694.0
Blue Lake,377013.0,372075.0,364080.0,362470.0,362806.0,364182.0,363043.0,362206.0,361234.0,362212.0,361799.0,361162.0
Blythe,145719.0,146397.0,146887.0,148269.0,149200.0,150260.0,151771.0,153202.0,154277.0,153882.0,152882.0,152862.0
Bodega Bay,1027785.0,1018471.0,1022320.0,1027607.0,1041154.0,1045661.0,1046063.0,1049117.0,1050787.0,1055029.0,1045664.0,1038440.0
Bodfish,115635.0,116161.0,116234.0,115703.0,115266.0,115147.0,115105.0,115707.0,116375.0,117725.0,119863.0,121760.0
Bolinas,1726855.0,1717258.0,1659777.0,1628788.0,1636073.0,1707873.0,1751992.0,1787049.0,1815889.0,1836667.0,1842829.0,1807025.0
Bonita,670881.0,668800.0,668728.0,671406.0,673203.0,674704.0,677674.0,680395.0,681806.0,682350.0,684228.0,686810.0
Bonsall,654001.0,653040.0,653318.0,657336.0,658604.0,660140.0,661491.0,663339.0,664141.0,664182.0,665864.0,666513.0
Boron,82279.0,81387.0,81109.0,80720.0,80732.0,80830.0,80293.0,80359.0,79921.0,80762.0,82276.0,84256.0
Borrego Springs,229112.0,229072.0,228950.0,229238.0,229602.0,232047.0,235117.0,237722.0,237122.0,235019.0,232348.0,231068.0
Boulder Creek,648191.0,649282.0,645658.5,649569.5,648886.5,652802.5,651702.5,648325.5,643606.0,644023.0,643162.0,643122.0
Boulevard,301194.0,297172.0,294560.0,295118.0,295267.0,293069.0,293716.0,294215.0,295708.0,297254.0,301648.0,306755.0
Bradbury,1403946.0,1406684.0,1402558.0,1400295.0,1402438.0,1407124.0,1403480.0,1397689.0,1394011.0,1398437.0,1396746.0,1395358.0
Brawley,210539.0,210017.0,210487.0,212318.0,214339.0,217327.0,219267.0,220085.0,219082.0,218760.0,219107.0,220695.0
Brea,754789.5,752361.0,751131.5,750295.5,750376.0,750099.0,751110.0,753850.5,759220.0,762363.0,761689.0,759217.5
Brentwood,645933.0,641007.0,635299.0,633561.0,634479.0,634301.0,634157.0,634699.0,636722.0,639549.0,642694.0,646729.0
Bridgeville,380419.0,378932.0,375628.0,372639.0,370571.0,371595.0,368200.0,367550.0,366646.0,367126.0,364639.0,360737.0
Brisbane,1014442.0,1014421.0,1016309.0,1021161.0,1021475.0,1018868.0,1018818.0,1018512.0,1025331.0,1029898.0,1037527.0,1044057.0
Browns Valley,459449.0,459937.0,460685.0,459080.0,461413.0,464875.0,465320.0,464430.0,461180.0,463016.0,465088.0,470010.0
Brownsville,220106.0,221392.0,223637.5,225514.0,228873.0,233951.0,239039.5,243178.5,248393.0,251223.5,255346.5,255527.0
Buellton,576565.0,578130.0,578613.0,580333.0,580623.0,582092.0,582899.0,587282.0,592053.0,598623.0,601570.0,605054.0
Buena Park,586034.0,584529.5,584805.5,585071.5,586628.0,586471.0,587926.0,590137.0,595141.5,597974.5,598362.0,597221.0
Buena Vista,1106678.0,1090137.0,1078728.0,1071175.0,1061805.0,1050157.0,1037511.0,1026504.0,1026285.0,1023289.0,1025828.0,1027209.0
Burbank,844587.0,843461.0,841839.0,839398.0,839108.0,841163.0,840107.0,841637.0,843971.0,850302.0,853175.0,858315.0
Burney,149950.0,150875.0,151776.0,152214.0,152718.0,153594.0,153784.0,152811.0,151762.0,150613.0,150685.0,151195.0
Buttonwillow,139293.0,143196.0,145562.0,144768.0,142877.0,142335.0,145912.0,149029.0,150915.0,150304.0,149990.0,150146.0
Byron,647539.0,646521.0,650652.0,650099.0,650305.0,648153.0,643583.0,639245.0,634516.0,633379.0,633873.0,637692.0
Cabazon,202231.0,201570.0,202445.0,204021.0,205977.0,208337.0,211133.0,213907.0,216218.0,217903.0,218761.0,220487.0
Calabasas,1435000.0,1428516.0,1422128.0,1416633.0,1414666.0,1415934.0,1403535.0,1398864.0,1397883.0,1411375.0,1418558.0,1427442.0
Calexico,219538.0,218867.0,219021.0,221001.0,222863.0,224557.0,225667.0,226094.0,224178.0,222799.0,222522.0,224996.0
Caliente,204733.0,204929.0,204238.0,203142.0,202276.0,202300.0,202378.0,203593.0,204935.0,206097.0,206671.0,206976.0
California City,163647.0,164389.0,164782.0,165010.0,166141.0,167336.0,168159.0,168932.0,168923.0,169194.0,169197.0,169589.0
Calimesa,361041.0,362290.0,363865.0,364425.0,363553.0,363154.0,364411.0,364822.0,364276.0,364618.0,365030.0,368246.0
Calipatria,137185.0,138687.0,138962.0,139834.0,138745.0,141174.0,142314.0,144564.0,142086.0,141687.0,139916.0,140896.0
Calistoga,975926.0,981550.0,988313.0,989976.0,996271.0,992321.0,979068.0,962413.0,954679.0,952581.0,944093.0,934310.0
Camarillo,617040.5,615959.5,615747.5,616927.0,617523.5,615931.5,613434.5,613296.5,614979.0,617640.5,618192.5,620667.5
Cambria,754506.0,752988.0,755052.0,757046.0,764602.0,767351.0,764495.0,764364.0,761937.0,763525.0,760747.0,760447.0
Camino,374482.0,377190.0,378347.0,375544.0,374419.0,373289.0,373054.0,373093.0,371951.0,372305.0,370642.0,369437.0
Camp Meeker,424262.0,414841.0,406247.0,401363.0,392974.0,391962.0,390665.0,385807.0,381043.0,379936.0,381947.0,385352.0
Campbell,1369859.0,1345623.0,1327783.0,1321520.0,1313763.0,1300991.0,1285498.0,1274478.0,1278075.0,1277599.0,1282313.0,1285906.0
Campo,352152.5,350713.0,349800.0,351208.0,351905.5,352718.5,354003.0,353684.5,352893.0,352926.5,355165.5,358237.5
Camptonville,245001.0,243413.0,246129.0,248266.0,254066.0,259759.0,266474.0,269299.0,271363.0,273695.0,276756.0,278244.0
Capitola,871426.0,874186.0,872687.0,880016.0,880666.0,882571.0,880804.0,875100.0,876068.0,878338.0,879155.0,876718.0
Carlotta,361817.0,358787.0,355978.0,356416.0,354591.0,352145.0,350031.0,352124.0,354625.0,357255.0,357852.0,358430.0
Carlsbad,901787.0,897967.0,898122.0,902857.5,905587.5,907334.5,911001.0,914052.5,915247.5,914982.0,917087.5,919909.0
Carmel Valley,1109656.0,1109820.0,1108046.0,1105549.0,1107336.0,1102622.0,1087378.0,1073610.0,1066020.0,1074696.0,1081679.0,1084664.0
Carmel-by-the-Sea,1746607.5,1762178.0,1775631.0,1788560.0,1785274.5,1781153.5,1744318.0,1717869.5,1682491.5,1689630.5,1695811.5,1719227.0
Carmichael,399033.0,398361.0,397509.0,399062.0,401626.0,403852.0,404320.0,404015.0,405201.0,406830.0,410541.0,413795.0
Carnelian Bay,762287.0,765759.0,766995.0,769532.0,775530.0,778097.0,778404.0,780214.0,783959.0,784702.0,785597.0,789473.0
Carpinteria,938513.0,940954.0,934706.0,932307.0,928815.0,933719.0,930479.0,929834.0,926265.0,928367.0,929505.0,932913.0
Carson,549585.0,548537.0,548863.5,550662.5,553148.0,555818.0,555961.5,557812.0,560366.0,564596.5,566913.0,569794.0
Caruthers,234960.0,237272.0,240099.0,241258.0,240454.0,239789.0,241708.0,243921.0,245067.0,243781.0,242938.0,240790.0
Castaic,573327.0,571202.0,570071.0,569736.0,570807.0,571532.0,569755.0,568949.0,570022.0,573602.0,576033.0,578950.0
Castro Valley,928423.0,922031.5,921128.5,922094.5,922008.5,921851.5,923186.5,922155.0,921535.5,918010.0,916480.5,919825.5
Cathedral City,304880.0,306606.0,309014.0,310304.0,311054.0,311945.0,314043.0,316307.0,318218.0,320418.0,321358.0,323655.0
Cayucos,1015161.0,1009105.0,1004311.0,1002998.0,1010271.0,1014659.0,1003636.0,997719.0,988172.0,992823.0,989443.0,987211.0
Cazadero,567574.0,559053.0,558151.0,555908.0,559703.0,559545.0,559357.0,560132.0,566075.0,573473.0,569777.0,561074.0
Ceres,303401.0,304365.0,304221.0,306717.0,308076.0,309296.0,308392.0,308592.0,308801.0,311200.0,312511.0,314179.0
Cerritos,736632.0,733805.0,730690.0,728699.0,728101.0,729109.0,725658.0,724915.0,726189.0,731211.0,733386.0,735165.0
Chico,351610.0,361768.0,368361.0,372836.0,376938.0,381714.0,386264.0,388954.0,390736.0,392541.0,394695.0,394332.0
Chilcoot,248820.0,248743.0,249142.0,249988.0,251691.0,253043.0,250759.0,245869.0,242055.0,242054.0,243337.0,245909.0
Chino,493973.0,493647.0,493480.5,493264.5,493838.0,493881.0,492476.0,491851.5,491392.5,492901.0,494515.5,496294.0
Chino Hills,668385.0,668404.0,669250.0,669530.0,671162.0,670880.0,669458.0,669339.0,670401.0,673664.0,675963.0,678016.0
Chowchilla,247407.0,248355.0,248696.0,248969.0,250222.0,252002.0,253384.0,254898.0,256863.0,258078.0,259825.0,262320.0
Chualar,424873.0,427510.0,428089.0,428434.0,427757.0,428903.0,428206.0,429592.0,430889.0,432722.0,433811.0,434920.0
Chula Vista,524695.0,522563.0,521645.0,523547.0,524974.0,526978.0,529808.0,531815.0,532154.0,533049.0,535289.0,538399.0
Citrus Heights,337321.5,337295.0,337209.0,338855.0,340767.0,342359.0,342845.5,342872.0,343890.5,345429.0,348678.0,351708.5
Claremont,684082.0,680625.0,678291.0,677238.0,679271.0,682590.0,682533.0,682727.0,683305.0,685989.0,688016.0,689980.0
Clarksburg,813711.0,789143.0,769908.0,764371.0,753179.0,757200.0,767106.0,787355.0,783834.0,791948.0,815035.0,843838.0
Clearlake,173276.5,173970.0,174440.5,175419.0,176514.5,177941.5,180702.5,183756.0,185883.5,186347.0,187481.5,189690.0
Clearlake Oaks,182486.0,181759.0,180664.0,179566.0,180278.0,180539.0,182061.0,183093.0,184831.0,185101.0,184834.0,185348.0
Cloverdale,559937.0,556734.0,553618.0,550759.0,549965.0,551185.0,551218.0,549920.0,547612.0,547934.0,545049.0,544317.0
Clovis,380462.0,381169.0,382794.0,383078.5,381933.0,381412.0,382458.0,384100.5,384083.5,384732.5,384896.5,385460.5
Coachella,255701.0,257392.0,259386.0,260436.0,261330.0,262460.0,263697.0,264185.0,263538.0,263320.0,262937.0,264703.0
Coalinga,184500.0,186193.0,187563.0,187386.0,185628.0,184729.0,186302.0,188580.0,189742.0,189550.0,188968.0,188643.0
Coarsegold,324215.5,322909.0,321063.0,319883.5,318673.0,318013.0,317618.5,317324.0,318147.5,319788.5,321686.0,323874.5
Cobb,223922.0,224398.0,226802.0,225057.0,222325.0,220219.0,222447.0,227749.0,234472.0,235802.0,237705.0,238192.0
Colfax,383901.0,385681.0,386661.0,388155.0,390574.0,391570.0,389600.0,389224.0,389644.0,390991.0,391224.0,392236.0
Colton,306817.0,307651.0,308695.0,309602.0,311014.0,312167.0,312303.0,313110.0,314026.0,316329.0,318073.0,319719.0
Commerce,458835.0,458124.0,458160.0,458374.0,459196.0,459825.0,459010.0,458824.0,460920.0,464952.0,468414.0,471573.0
Compton,408385.0,407139.0,406119.0,406559.0,407235.0,409400.0,408959.0,409756.0,411718.0,415981.0,419954.0,422855.0
Concord,552900.5,550965.0,547498.0,545972.5,546371.0,544575.5,543954.0,543079.5,546001.5,549829.0,554051.0,557687.5
Cool,398530.0,402086.0,403137.0,401276.0,401157.0,401536.0,403043.0,402954.0,402017.0,400820.0,399767.0,398206.0
Corcoran,155746.0,157169.0,157446.0,157747.0,159287.0,160300.0,159818.0,158721.0,158676.0,160749.0,161748.0,163900.0
Corning,232677.0,233633.0,235228.0,237340.0,239473.0,240853.0,241412.0,241911.0,243135.0,245075.0,246881.0,248457.0
Corona,498592.5,499806.5,501901.5,502391.5,502081.0,501584.5,501406.5,501260.5,500212.5,502099.0,502830.0,506852.5
Coronado,1761793.0,1759840.0,1759573.0,1764903.0,1763997.0,1776083.0,1797824.0,1826251.0,1851532.0,1861044.0,1868062.0,1870336.0
Corte Madera,1453831.0,1450257.0,1445251.0,1441462.0,1443701.0,1444166.0,1433894.0,1426479.0,1424428.0,1432672.0,1435034.0,1431626.0
Costa Mesa,848420.5,846424.0,846808.5,847107.5,848706.5,846596.5,846945.0,848763.5,856193.0,860176.5,859443.0,856283.0
Cotati,580157.0,576160.0,573400.0,569899.0,570653.0,573481.0,573288.0,572036.0,569130.0,569508.0,566414.0,564821.0
Coto de Caza,950619.0,947454.0,945760.0,943880.0,942775.0,939857.0,938259.0,938531.0,943552.0,947126.0,947310.0,944743.0
Cottonwood,270631.0,271487.0,275891.0,281397.0,287076.0,289193.0,289760.0,290346.0,291938.0,293643.0,295424.0,296618.0
Courtland,419434.0,418953.0,419769.0,424402.0,427742.0,429008.0,430654.0,431529.0,436861.0,436271.0,439745.0,440478.0
Covina,540544.0,538241.0,536121.0,536306.0,537058.0,538374.0,535841.0,535315.0,536169.0,539698.0,542420.0,545216.0
Crescent City,262903.0,263477.0,264165.0,265050.0,265438.0,266075.0,266981.0,268640.0,270330.0,271235.0,271558.0,271582.0
Crestline,219077.5,220742.5,222404.5,223093.0,223266.5,223174.5,222315.0,222667.5,222963.5,224409.5,224647.0,225123.5
Creston,786658.0,790728.0,798638.0,800292.0,805784.0,806149.0,798496.0,802474.0,813294.0,822361.0,824367.0,820275.0
Crows Landing,568717.0,558837.0,547882.0,553476.0,553575.0,553255.0,544772.0,545156.0,542901.0,549467.0,549423.0,552803.0
Culver City,1189248.0,1186456.0,1183110.0,1184090.5,1187179.5,1192573.5,1183796.5,1182470.0,1182809.0,1196329.0,1200017.5,1206230.0
Cupertino,2247384.0,2210170.0,2184472.0,2173771.0,2164277.0,2147679.0,2127594.0,2111827.0,2115674.0,2116127.0,2119792.0,2122713.0
Cutler,162776.0,163013.0,163900.0,166329.0,168195.0,169190.0,168412.0,168486.0,169263.0,170837.0,170866.0,170878.0
Cypress,675525.0,673287.0,672947.0,671933.0,673594.0,673746.0,675429.0,677533.0,682258.0,686312.0,686721.0,686193.0
Daggett,111150.0,111493.0,113689.0,113805.0,114245.0,114756.0,114798.0,113464.0,112641.0,112134.0,113422.0,113763.0
Daly City,1014772.5,1007305.5,1002310.0,1003875.5,1003521.5,1004949.5,1005918.0,1005793.5,1010415.5,1010315.5,1015025.0,1020819.5
Dana Point,1000371.5,998268.0,999608.5,1004235.5,1008063.0,1008363.0,1010075.0,1014442.5,1024410.0,1029114.5,1027714.0,1023468.0
Danville,1668567.5,1662621.0,1657563.0,1652219.5,1649581.0,1646226.0,1642225.0,1634948.0,1625291.0,1622338.0,1627564.0,1637262.5
Davenport,898017.0,900987.0,901582.0,909905.0,911717.0,914715.0,908685.0,908739.0,908423.0,911350.0,906739.0,903407.0
Davis,673222.5,669666.5,673093.0,679192.5,680893.5,678939.5,677457.0,681000.0,682574.0,678550.0,671930.5,668454.5
Del Monte Forest,2237871.0,2256126.0,2255140.0,2255142.0,2247524.0,2261422.0,2234841.0,2216369.0,2191618.0,2202229.0,2204806.0,2207354.0
Del Rey,222660.0,224225.0,227458.0,228474.0,228682.0,229407.0,231522.0,235290.0,236412.0,237175.0,236633.0,235992.0
Delano,213434.0,215148.0,216157.0,215949.0,216605.0,217421.0,218116.0,218559.0,218823.0,218982.0,219704.0,220657.0
Delhi,265023.0,264113.0,262905.0,263497.0,264601.0,266487.0,267420.0,268616.0,268667.0,268778.0,268315.0,268532.0
Denair,377289.0,377643.0,377295.0,381331.0,383035.0,384388.0,382549.0,384116.0,385243.0,388259.0,389200.0,390809.0
Descanso,446100.5,444624.5,443773.0,447007.5,450399.5,452543.0,453358.0,453243.0,452679.5,451728.5,451636.5,451436.5
Desert Hot Springs,220413.0,221995.0,223450.0,225092.0,226211.0,227286.0,228318.0,229271.0,229653.0,230578.0,230998.0,232960.0
Diamond Bar,692646.0,688558.0,684564.0,681461.0,680944.0,681608.0,679681.0,679287.0,679614.0,682732.0,683422.0,685165.0
Diamond Springs,332466.0,335956.0,337178.0,333161.0,330187.0,327908.0,329224.0,330764.0,331726.0,332905.0,331950.0,330848.0
Dillon Beach,939558.0,937616.0,940109.0,942067.0,954851.0,969306.0,980636.0,975769.0,976664.0,977147.0,988155.0,990220.0
Dinuba,223744.0,223636.0,223446.0,223899.0,224900.0,225197.0,223514.0,223074.0,223951.0,226722.0,226788.0,226703.0
Discovery Bay,622822.0,619169.0,614701.0,612835.0,613193.0,612554.0,613981.0,614828.0,617921.0,620334.0,623525.0,626161.0
Dixon,445360.0,444408.0,444830.0,447458.0,449125.0,450667.0,452618.0,454309.0,454619.0,454818.0,452646.0,449804.0
Dobbins,252439.0,251678.0,253497.0,255287.0,258239.0,260821.0,262297.0,263339.0,264437.0,266537.0,268649.0,270194.0
Dos Palos,224738.0,225371.0,225843.0,227388.0,227809.0,228051.0,228292.0,228849.0,229070.0,229174.0,230443.0,231403.0
Downey,585735.0,583164.0,581209.0,581238.0,582236.0,584174.0,582706.0,583745.0,586391.0,591392.0,594189.0,597412.0
Doyle,134142.0,133983.0,133508.0,133444.0,133199.0,133800.0,133687.0,133781.0,133615.0,134459.0,134121.0,134012.0
Duarte,530357.0,528611.0,526149.0,525876.0,527103.0,529000.0,527524.0,527905.0,530245.0,535959.0,539481.0,542784.0
Dublin,966313.0,960486.0,959444.0,959260.0,957218.0,954548.0,952571.0,949093.0,947247.0,945741.0,944960.0,947774.0
Ducor,162088.0,162220.0,160487.0,159414.0,161521.0,165855.0,168296.0,166905.0,164782.0,164288.0,162673.0,160796.0
Dulzura,459787.0,459668.0,462680.0,466298.0,466447.0,464053.0,464242.0,465880.0,469662.0,470536.0,471935.0,473189.0
Dunlap,212921.0,213794.0,215156.0,216658.0,216613.0,216724.0,218675.0,221561.0,224264.0,225784.0,225730.0,226682.0
Durham,479113.0,494796.0,503631.0,507382.0,512005.0,516287.0,520124.0,522977.0,525143.0,528665.0,532488.0,532532.0
Dutch Flat,327266.0,327061.0,325244.0,325219.0,326426.0,329207.0,328578.0,327118.0,325580.0,325388.0,326629.0,328318.0
Earlimart,153246.0,153915.0,155568.0,156611.0,157839.0,158679.0,157094.0,155205.0,153687.0,153748.0,153899.0,155073.0
Earp,98218.0,97526.0,95932.0,95567.0,94455.0,92918.0,92417.0,92644.0,93774.0,93578.0,92994.0,94749.0
East Los Angeles,478416.5,478662.0,479418.0,480736.0,482520.5,484077.0,481039.0,478487.0,478703.0,484006.5,488766.0,492403.0
East Palo Alto,2008754.0,1984731.0,1969437.0,1961251.0,1951727.0,1935719.0,1919433.0,1904172.0,1909392.0,1910386.0,1918251.0,1924125.0
Eastvale,581793.0,582754.0,584579.0,584396.0,582779.0,580752.0,579624.0,578592.0,576709.0,578918.0,580019.0,585188.0
Edwards,105509.0,104118.0,103058.0,103647.0,105929.0,108106.0,109493.0,110493.0,109122.0,108264.0,109120.0,111123.0
El Cajon,524262.0,521704.0,521421.0,524089.0,526044.0,528005.0,530500.0,532629.0,533646.0,534105.0,536027.0,538265.0
El Centro,219396.0,219013.0,219012.0,220323.0,220923.0,222052.0,222358.0,222095.0,218926.0,217809.0,217870.0,220861.0
El Dorado,430071.0,431545.0,430644.0,426317.0,424163.0,422992.0,425749.0,428477.0,429528.0,429260.0,427723.0,426654.0
El Dorado Hills,640031.0,645183.0,648415.0,644940.0,643303.0,642027.0,644088.0,645664.0,645501.0,646342.0,644944.0,643897.0
El Monte,517990.0,513142.0,509281.5,507957.5,507729.5,507134.5,502182.5,499777.0,499069.5,502067.0,503519.5,505980.5
El Segundo,1367695.0,1361569.0,1356282.0,1354580.0,1352244.0,1351841.0,1332465.0,1322334.0,1318916.0,1330598.0,1337783.0,1346766.0
Elk Grove,433670.0,434033.0,434004.0,435874.0,438087.0,440219.0,440086.0,439209.0,439661.0,440931.0,444453.0,447776.0
Elverta,339898.0,339501.0,338980.0,341063.0,343526.0,346278.0,347934.0,348793.0,350368.0,351143.0,353403.0,355623.0
Emerald Lake Hills,2270392.0,2249849.0,2236355.0,2223896.0,2215835.0,2208425.0,2214480.0,2215426.0,2221719.0,2211538.0,2207921.0,2205197.0
Emeryville,706233.0,702329.0,701147.0,700204.0,701485.0,703276.0,708902.0,710618.0,715104.0,714935.0,716515.0,720781.0
Encinitas,1204320.0,1200595.0,1202694.5,1212396.5,1220760.5,1227561.5,1236841.0,1248602.5,1257212.0,1263303.0,1267252.0,1271424.5
Escalon,406914.0,405953.0,408504.0,409385.0,411122.0,412335.0,412926.0,413742.0,413817.0,414223.0,415248.0,417938.0
Escondido,519417.5,517593.5,517301.0,519712.0,520668.0,522099.0,523814.5,525635.5,525684.5,526395.5,528153.0,530832.0
Esparto,345976.0,345116.0,349757.0,356435.0,359407.0,358721.0,356839.0,359369.0,360570.0,358045.0,354493.0,355148.0
Eureka,312977.0,313485.0,313459.0,314137.0,314942.0,316131.0,314860.0,315011.0,314801.0,316692.0,317466.0,318099.0
Exeter,234854.0,234748.0,234556.0,235428.0,236501.0,237231.0,235817.0,235168.0,235285.0,237518.0,237365.0,237531.0
Fair Oaks,435192.0,434909.0,434311.0,436038.0,438369.0,440177.0,440075.0,439609.0,441015.0,443000.0,446962.0,450110.0
Fairfax,931176.0,937200.0,943288.0,946409.0,945846.0,946234.0,940848.0,931628.0,927894.0,926535.0,933766.0,935359.0
Fairfield,470099.0,468076.0,467930.5,470252.5,471751.5,472001.0,473350.0,474746.5,476359.0,477669.0,476721.0,474423.5
Fall River Mills,208741.0,208576.0,208914.0,209380.0,210572.0,213551.0,214215.0,212464.0,209550.0,206512.0,205813.0,206204.0
Fallbrook,576370.0,574813.0,575216.0,578971.0,580699.0,582153.0,583027.0,583420.0,582747.0,582108.0,583161.0,584113.0
Farmersville,176981.0,177252.0,177300.0,177753.0,178522.0,179086.0,178394.0,178496.0,179173.0,180733.0,180278.0,180269.0
Fellows,119852.0,122828.0,127427.0,132545.0,133948.0,133591.0,132283.0,130549.0,130487.0,130326.0,133525.0,137234.0
Felton,658563.0,666762.0,671797.0,678410.0,678206.0,680597.0,680087.0,681813.0,684786.0,685733.0,684690.0,683996.0
Ferndale,370855.0,370643.0,367569.0,369460.0,370342.0,371974.0,367854.0,365353.0,362871.0,366169.0,368950.0,371046.0
Fillmore,428539.0,430358.5,430365.0,430990.0,432102.0,434712.5,437604.5,440535.0,442530.5,445517.5,449960.5,453337.0
Firebaugh,192544.0,192874.5,194606.0,196615.0,197625.5,197300.0,197522.0,196726.5,195340.5,196183.0,198241.0,201752.5
Florence-Graham,394902.0,396137.0,397565.0,399520.0,402381.0,405392.0,406983.0,409779.0,411153.0,413845.0,415333.0,418560.0
Folsom,550812.0,551280.0,551736.0,554411.0,557943.0,560491.0,560091.0,558188.0,558180.0,558981.0,563315.0,566811.0
Fontana,382633.0,383293.0,384887.0,386221.0,388295.0,389152.0,388301.0,388211.0,388500.0,390786.0,392878.0,395194.0
Forbestown,200524.0,204418.0,206579.0,207177.0,207956.0,211238.0,215003.0,218401.0,221446.0,223348.0,224908.0,225120.0
Forest Falls,237927.0,237935.0,237377.0,236739.0,236357.0,237454.0,237869.0,238892.0,239963.0,242157.0,244485.0,245999.0
Forest Ranch,300532.0,311268.0,317898.0,320625.0,319910.0,319488.0,320257.0,322109.0,323438.0,325924.0,327438.0,326684.0
Foresthill,388907.0,389430.0,389005.0,389927.0,391203.0,390520.0,388300.0,388263.0,389983.0,391780.0,392353.0,393491.0
Forestville,561536.0,554869.0,550499.0,547837.0,549280.0,553718.0,554916.0,555545.0,553867.0,555496.0,552575.0,552211.0
Fort Bragg,447381.0,448848.0,445620.0,441328.0,436816.0,435663.0,433382.0,430176.0,427404.0,426014.0,422227.0,419302.0
Fortuna,316632.0,317128.0,316569.0,316983.0,316625.0,317080.0,315308.0,314556.0,313904.0,314609.0,315776.0,316870.0
Foster City,1515524.0,1505625.0,1498359.0,1493325.0,1487497.0,1479195.0,1475237.0,1468799.0,1470401.0,1462590.0,1462101.0,1461289.0
Fountain Valley,821355.0,818799.0,817760.0,816817.0,818366.0,818740.0,820689.0,823389.0,830152.0,834932.0,836774.0,835707.0
Fowler,278495.0,279654.0,281230.0,281917.0,281521.0,281599.0,282672.0,284283.0,284561.0,285114.0,285887.0,286979.0
Frazier Park,209399.0,211993.0,213311.0,212835.0,213149.0,213886.0,214396.0,214635.0,214913.0,215712.0,216593.0,217103.0
Freedom,522130.0,526355.0,526797.0,531411.0,531885.0,534674.0,534743.0,531607.0,531298.0,533298.0,535408.0,536145.0
Fremont,1107787.5,1103822.5,1103707.5,1098956.5,1090527.0,1080254.0,1073585.5,1065582.5,1060474.0,1054337.0,1049268.0,1049423.0
French Camp,363669.0,363719.0,366501.0,366070.0,366178.0,366726.0,369320.0,371548.0,372844.0,370007.0,365284.0,365262.0
French Gulch,217745.0,217992.0,222759.0,225524.0,227046.0,228459.0,226609.0,229349.0,229746.0,232041.0,231908.0,234193.0
Fresno,207970.0,208529.0,210149.0,211471.0,212029.0,212288.0,212888.0,215328.0,216650.0,216871.0,216524.0,217033.0
Fullerton,633759.0,632102.0,631851.0,631761.0,632656.0,632017.0,632863.5,634712.0,639672.5,642219.5,641832.0,640517.5
Fulton,734363.0,730682.0,728498.0,723056.0,726068.0,729308.0,729453.0,726527.0,726044.0,730227.0,729296.0,730755.0
Galt,372986.0,373370.0,373455.0,375366.0,377338.0,379123.0,378920.0,377919.0,378277.0,379586.0,382981.0,385773.0
Garden Grove,601817.0,600840.0,602042.0,602565.0,604696.0,604928.0,606847.0,609397.0,615340.0,619414.0,621186.0,620928.0
Garden Valley,368030.0,370557.5,370899.0,368905.5,367717.5,366540.0,367101.5,367794.5,367121.5,366619.5,366098.5,366663.5
Gardena,571716.0,571023.0,570044.0,571398.0,573882.0,576025.0,575804.0,576396.0,579514.0,584274.0,587318.0,590142.0
Georgetown,333110.0,335122.0,334919.0,334325.0,335117.0,334797.0,335299.0,334465.0,332090.0,329726.0,328744.0,328858.0
Gerber,176928.0,177467.0,179037.0,182201.0,185385.0,187511.0,187171.0,186267.0,186627.0,188340.0,190606.0,192430.0
Geyserville,1206080.0,1198397.0,1185831.0,1179057.0,1179512.0,1179732.0,1158860.0,1145126.0,1128009.0,1135456.0,1130226.0,1132869.0
Gilroy,775848.0,765173.0,758808.0,759206.0,760226.0,757988.0,755901.0,754348.0,759909.0,760842.0,764529.0,767501.0
Glen Ellen,1037555.0,1033729.0,1034433.0,1035177.0,1043644.0,1050617.0,1048907.0,1050537.0,1052264.0,1061668.0,1053151.0,1043325.0
Glendale,854487.0,852139.0,849620.5,848568.5,849746.0,852006.0,848913.0,848468.0,850573.0,857070.0,860846.0,865203.0
Glendora,633373.5,629287.0,625615.5,623667.0,623707.0,625297.5,623233.5,622442.0,621948.5,624414.5,626164.0,629363.0
Goleta,858836.0,859529.0,853440.0,851142.0,849092.0,851840.0,850624.0,851025.0,850048.0,854473.0,858036.0,864092.0
Gonzales,415828.0,419538.0,420907.0,420943.0,419121.0,420115.0,420478.0,421190.0,420647.0,421558.0,422472.0,424333.0
Grand Terrace,370311.0,370710.0,371021.0,371535.0,372624.0,372540.0,370756.0,370392.0,371081.0,373372.0,374899.0,376679.0
Granite Bay,800678.0,802331.0,801133.0,802635.0,807146.0,810122.0,808176.0,807776.0,811311.0,815359.0,818977.0,823328.0
Grass Valley,400377.0,399443.5,400544.5,405139.0,406816.5,405919.0,402539.5,400859.5,399217.0,398306.5,398893.5,401141.5
Graton,646124.0,639401.0,636665.0,634918.0,636756.0,641031.0,640031.0,636863.0,630870.0,629568.0,623264.0,621657.0
Green Valley Lake,207316.0,207697.0,208107.0,208405.0,208873.0,209453.0,209744.0,210323.0,211343.0,212294.0,211990.0,211241.0
Greenfield,347929.0,350563.0,353298.0,354961.0,355843.0,356514.0,357860.0,358508.0,359482.0,360230.0,360757.0,360802.0
Gridley,233511.0,241051.0,247051.0,250855.0,253701.0,256008.0,259020.0,261009.0,263369.0,264579.0,266924.0,267213.0
Groveland,314518.0,316716.0,319346.0,318739.0,309481.0,299816.0,290287.0,288188.0,285145.0,285196.0,285686.0,287694.0
Grover Beach,535309.0,535041.0,535442.0,534499.0,535701.0,532482.0,526922.0,524929.0,525675.0,528302.0,527493.0,526971.0
Guadalupe,356136.0,357577.0,358055.0,359620.0,358882.0,359804.0,357076.0,356251.0,354645.0,357097.0,358642.0,361900.0
Gualala,526195.0,528062.0,523231.0,515398.0,508997.0,508098.0,505755.0,501496.0,496845.0,494609.0,489824.0,485441.0
Guerneville,488465.0,481427.0,476547.0,471923.0,471291.0,471789.0,472563.0,474283.0,472872.0,472330.0,467118.0,464050.0
Gustine,288534.0,287742.0,287789.0,289921.0,292711.0,294207.0,294161.0,294348.0,294295.0,294387.0,294332.0,294708.0
Hacienda Heights,646292.0,644387.0,642374.0,641266.0,641283.0,642554.0,639979.0,640114.0,641102.0,645517.0,647435.0,650008.0
Half Moon Bay,1250639.5,1243445.0,1240831.5,1243650.5,1248391.5,1249853.5,1250731.0,1244505.0,1244457.5,1238109.0,1240101.0,1240752.5
Hanford,208144.0,208886.5,208928.5,208596.0,209062.5,209226.0,209146.0,208906.5,209243.5,209646.0,210756.5,213125.5
Hat Creek,217253.0,217249.0,217059.0,217428.0,218746.0,220981.0,220103.0,217091.0,213352.0,210373.0,209391.0,209944.0
Hawaiian Gardens,422337.0,421965.0,420517.0,420029.0,421255.0,424469.0,428377.0,431789.0,434595.0,435071.0,436542.0,440466.0
Hawthorne,650249.0,648370.0,646941.0,647407.0,649651.0,652634.0,651494.0,651293.0,652891.0,657163.0,659984.0,663951.0
Hayward,676514.5,673934.0,674854.0,675909.5,674967.0,673600.5,671161.5,668800.5,666124.0,665054.0,663903.5,667012.5
Healdsburg,865916.0,856620.0,851854.0,852628.0,860060.0,865862.0,863916.0,862707.0,857095.0,855885.0,847401.0,840780.0
Heber,241604.0,241648.0,242563.0,244606.0,245510.0,247448.0,248717.0,249014.0,246151.0,244057.0,243430.0,245684.0
Helendale,241195.0,241713.0,242535.0,242636.0,243526.0,243936.0,244453.0,244262.0,244188.0,244695.0,245824.0,246695.0
Hemet,278150.0,279437.0,281209.0,281981.0,282106.0,282122.0,282750.0,283648.0,283924.0,285075.0,285651.0,287908.0
Herald,564206.0,564294.0,564102.0,565813.0,568160.0,571126.0,573631.0,572597.0,571123.0,570072.0,573019.0,575697.0
Hercules,731229.0,727262.0,726088.0,724374.0,725399.0,725386.0,724888.0,721163.0,721321.0,727226.0,739442.0,747798.0
Herlong,86358.0,86309.0,86143.0,86079.0,85810.0,85834.0,85176.0,84766.0,84198.0,84516.0,84649.0,85005.0
Hermosa Beach,1791447.0,1786841.0,1782263.0,1782939.0,1790898.0,1802278.0,1784134.0,1773811.0,1763538.0,1774250.0,1769357.0,1767732.0
Hesperia,291725.0,292471.5,293619.0,294517.5,295825.0,296484.5,296699.0,296824.0,297007.0,297957.0,299078.0,300250.5
Hickman,432559.0,432919.0,432392.0,435333.0,435863.0,436758.0,436614.0,442669.0,447488.0,453045.0,453583.0,454433.0
Hidden Valley Lake,342704.0,343349.0,342266.0,341155.0,339688.0,330627.0,328621.0,326711.0,333351.0,331382.0,329190.0,325951.0
Highland,344322.0,344873.0,345990.0,346917.0,348876.0,350111.0,350368.0,351207.0,351901.0,353514.0,354659.0,355966.0
Hillsborough,2859906.0,2840486.0,2835901.0,2832691.0,2834881.0,2831402.0,2845254.0,2849957.0,2872056.0,2865260.0,2866253.0,2858427.0
Hilmar,311191.0,310306.0,309776.0,310611.0,311602.0,312633.0,312369.0,312499.0,311773.0,311388.0,310709.0,310083.0
Hinkley,134163.0,134324.0,138024.0,140561.0,145079.0,143918.0,139611.0,136329.0,135701.0,134468.0,132798.0,130802.0
Hollister,610829.0,602219.0,597207.0,599424.0,602868.0,604772.0,605774.0,606791.0,607743.0,604383.0,602856.0,605103.0
Holtville,177085.0,176654.0,176430.0,176183.0,175825.0,175993.0,176492.0,176293.0,175324.0,175279.0,176319.0,178684.0
Homeland,284442.0,286615.0,289177.0,291116.0,291598.0,291412.0,293283.0,296028.0,298042.0,297057.0,295386.0,295736.0
Homewood,886343.0,892055.0,893555.0,894340.0,895746.0,896320.0,890882.0,888021.0,887200.0,888515.0,892703.0,899140.0
Hughson,374892.0,374862.0,373755.0,376788.0,378172.0,379570.0,377743.0,378314.0,378502.0,381902.0,383205.0,385511.0
Hume,202872.0,204913.0,206935.0,208608.0,208922.0,208833.0,212246.0,214080.0,215965.0,213289.0,212023.0,210221.0
Huntington Beach,873847.0,871495.0,871328.0,870908.0,872796.5,871835.0,873985.5,877312.5,885232.5,890374.5,890098.0,887990.0
Huntington Park,440716.0,439900.0,438788.0,439524.0,439557.0,441010.0,440364.0,443202.0,446818.0,452187.0,455558.0,458684.0
Huron,146694.0,148802.0,150155.0,151533.0,151133.0,151378.0,152005.0,152277.0,152927.0,153521.0,154999.0,154447.0
Hydesville,446624.0,445121.0,442847.0,442575.0,442667.0,441604.0,434888.0,430554.0,426924.0,429157.0,428915.0,430632.0
Idyllwild,335158.0,335342.0,335921.0,335823.0,335475.0,336010.0,340060.0,344407.0,347357.0,345134.0,341471.0,338849.0
Igo,264644.0,263563.0,266808.0,268892.0,272519.0,274301.0,274223.0,275517.0,277945.0,278707.0,278459.0,278429.0
Imperial,259407.0,258581.0,258497.0,260085.0,261607.0,262963.0,263164.0,262698.0,261342.0,261213.0,262299.0,264708.0
Imperial Beach,590580.0,590533.0,591678.0,595428.0,595624.0,597167.0,600000.0,604139.0,603493.0,600005.0,599074.0,598583.0
Indian Wells,801305.0,803023.0,806534.0,807841.0,807737.0,808053.0,811424.0,814567.0,815803.0,816143.0,813571.0,814947.0
Indio,323653.5,325214.0,327266.5,328493.5,329100.5,329967.0,331857.0,333356.0,333777.0,334666.5,334718.0,336697.5
Inglewood,548222.0,547826.0,548103.0,546190.0,545548.0,546363.0,547622.0,548719.0,551219.0,555266.0,560153.0,565045.0
Irvine,858398.0,855039.0,854162.0,853853.0,854254.0,851487.0,849305.0,849584.0,853920.0,856533.0,855738.0,853420.0
Isleton,295750.0,295647.0,295765.0,299368.0,302845.0,305697.0,307431.0,309156.0,311064.0,312011.0,314593.0,318339.0
Jacumba,190927.0,183433.0,177413.0,177085.0,177443.0,177487.0,179133.0,182456.0,188725.0,188420.0,187134.0,182438.0
Jamul,670847.0,667919.0,667632.0,668166.0,666066.0,664378.0,667206.0,669470.0,669356.0,667956.0,668960.0,671643.0
Janesville,258881.0,259593.0,259997.0,260758.0,261707.0,262562.0,262158.0,261352.0,260693.0,260933.0,261078.0,261292.0
Jenner,672086.0,665155.0,662179.0,656882.0,655436.0,652096.0,645001.0,643293.0,644503.0,652144.0,648194.0,642149.0
Joshua Tree,224916.0,227565.0,229707.0,231264.0,233998.0,236611.0,238573.0,239557.0,241341.0,243570.0,245170.0,245492.0
Julian,374089.0,370736.0,367713.0,368097.0,369119.0,371425.0,373643.0,373880.0,372902.0,371714.0,372767.0,374802.0
Jurupa Valley,456502.5,458066.5,459993.5,460377.0,459757.5,459247.5,460170.5,460887.5,461109.5,463142.5,464262.0,468177.0
Keene,378804.0,381713.0,382860.0,383739.0,385576.0,388647.0,388273.0,387682.0,386181.0,386352.0,386323.0,386175.0
Kelseyville,300762.0,300947.0,300065.0,298828.0,297815.0,291746.0,287920.0,285109.0,288562.0,288830.0,288914.0,287754.0
Kentfield,1876258.0,1866064.0,1860388.0,1849437.0,1846918.0,1844835.0,1841767.0,1833984.0,1833724.0,1845874.0,1860429.0,1865078.0
Kerman,250551.0,252426.0,255033.0,256195.0,256021.0,256129.0,257757.0,260347.0,261390.0,262401.0,262592.0,263218.0
Kernville,218261.0,218924.0,217769.0,217230.0,217403.0,217869.0,215890.0,213952.0,213771.0,215328.0,217228.0,218315.0
Kettleman City,131241.0,133663.0,134154.0,135972.0,136725.0,137732.0,137802.0,135651.0,134222.0,134814.0,135725.0,137652.0
Keyes,277900.0,279815.0,280071.0,282591.0,283473.0,285163.0,285469.0,286706.0,286572.0,288070.0,289207.0,291057.0
King City,330086.0,333361.0,335138.0,334658.0,333417.0,333128.0,333629.0,334362.0,334471.0,335042.0,336066.0,336988.0
Kings Beach,555039.0,559454.0,561643.0,570655.0,577997.0,580105.0,571182.0,565008.0,564009.0,564118.0,565682.0,567286.0
Kingsburg,284293.0,285207.0,287001.0,287781.0,287843.0,288512.0,291435.0,294875.0,296707.0,297387.0,296285.0,295533.0
Knights Landing,285843.0,283817.0,281244.0,281959.0,280095.0,276741.0,279025.0,283634.0,289033.0,288159.0,285894.0,283270.0
La Canada Flintridge,1737718.0,1731616.0,1727696.0,1727142.0,1726804.0,1729452.0,1695313.0,1674717.0,1657496.0,1680375.0,1691082.0,1703243.0
La Crescenta-Montrose,812098.5,809402.0,805807.0,804335.0,805978.0,809397.5,806597.0,804350.5,805145.0,811487.0,815644.5,819785.5
La Cresta - Altavista,158500.0,159670.0,160493.0,161084.0,162363.0,163775.0,164275.0,164567.0,164306.0,164768.0,165133.0,165593.0
La Grange,292382.0,292605.0,292739.0,293383.0,290171.0,287454.0,283869.0,287974.0,292007.0,297156.0,297984.0,298743.0
La Habra,606219.0,604601.0,604833.0,605146.0,606527.0,606373.0,606524.0,607565.0,611403.0,614587.0,615392.0,614232.0
La Honda,1136398.0,1135482.0,1120776.0,1110935.0,1094059.0,1091268.0,1073370.0,1029606.0,989746.0,950561.0,921724.0,905331.0
La Mesa,554662.5,552137.0,551958.0,554214.0,555392.5,557218.5,560180.0,563493.0,565111.5,566093.0,567538.0,569301.5
La Mirada,605004.0,602379.0,600089.0,599273.0,599041.0,599666.0,596336.0,594863.0,594917.0,598606.0,601264.0,604185.0
La Palma,743622.0,741966.0,743192.0,743791.0,745470.0,744947.0,744756.0,747251.0,752790.0,757865.0,759562.0,759896.0
La Puente,492171.0,490204.0,488372.0,488760.0,489018.0,489244.0,486466.0,484643.0,484815.0,488050.0,491242.0,494652.0
La Quinta,460060.0,461338.0,463229.0,463767.0,463738.0,463956.0,466191.0,468287.0,469406.0,470749.0,470457.0,472527.0
La Verne,654285.0,652197.0,650991.0,649840.0,650330.0,652058.0,651311.0,651244.0,650922.0,653024.0,654602.0,657690.0
Ladera Heights,1270008.0,1269847.0,1274212.0,1278528.0,1281935.0,1281778.0,1279995.0,1280593.0,1288373.0,1296798.0,1305297.0,1313791.0
Lafayette,1299510.0,1292285.0,1284296.0,1282915.0,1283004.0,1286567.0,1286138.0,1287472.0,1284871.0,1288943.0,1298875.0,1309479.0
Laguna Beach,2285963.0,2283916.0,2285764.0,2290277.0,2295587.0,2292539.0,2301626.0,2329376.0,2359661.0,2368784.0,2331775.0,2295211.0
Laguna Hills,769760.0,767171.0,767526.0,768193.0,769222.0,766995.0,766237.0,766547.0,770891.0,772865.0,771750.0,769209.0
Laguna Niguel,861034.0,858077.0,856630.0,855778.0,856801.0,855590.0,856250.0,858070.0,863822.0,866807.0,864882.0,861666.0
Laguna Woods,437128.0,433150.0,427185.0,422585.0,418610.0,415087.0,413363.0,411242.0,408904.0,402069.0,399515.0,399591.0
Lagunitas,850743.0,847013.0,851237.5,856571.5,866810.0,876373.5,879427.5,877323.5,869879.0,857718.5,852423.5,848934.5
Lake Arrowhead,253852.0,254303.0,255444.0,256116.0,258694.0,259910.0,261136.0,263084.0,265003.0,266354.0,265754.0,265609.0
Lake Elsinore,353968.0,355225.0,356922.0,357836.0,358322.0,358365.0,358419.0,358344.0,357769.0,358870.0,359525.0,362372.0
Lake Forest,742219.5,739932.0,738941.0,737654.0,737866.0,736240.5,736311.0,736887.5,741262.0,743543.0,743261.5,740951.5
Lake Hughes,285011.0,284109.0,283642.0,284588.0,286899.0,288462.0,288107.0,286562.0,287849.0,289900.0,293264.0,294646.0
Lake Isabella,140752.0,141210.0,140997.0,140602.0,140832.0,141835.0,141749.0,142095.0,142633.0,144449.0,146292.0,147404.0
Lakehead,248537.0,249826.0,253179.0,254194.0,255602.0,257227.0,258874.0,260756.0,261634.0,262279.0,261766.0,261131.0
Lakeport,292164.0,290885.0,289092.0,286681.0,285624.0,281201.0,277617.0,273979.0,274875.0,275421.0,276460.0,276377.0
Lakeshore,245677.0,245027.0,242758.0,241345.0,240131.0,241069.0,247367.0,253632.0,260487.0,265924.0,276807.0,284199.0
Lakeside,492764.0,491020.0,491903.0,495110.0,497321.0,499134.0,501431.0,503345.0,503785.0,503510.0,504681.0,506388.0
Lakewood,584103.0,581284.0,578308.0,577347.0,577503.0,578877.0,577589.0,577872.0,579554.0,583656.0,586990.0,590569.0
Lamont,138127.0,138905.0,139436.0,140116.0,141215.0,143220.0,144350.0,145541.0,145853.0,146450.0,147504.0,148249.0
Lancaster,267894.0,267727.0,268008.0,268709.0,269938.0,270998.0,270826.0,271170.0,271981.0,273824.0,274924.0,276477.0
Landers,233526.0,235952.0,238514.0,239630.5,240539.5,240749.0,241816.0,242845.5,244456.5,245131.5,245479.0,244287.0
Larkspur,1719360.0,1709869.0,1699190.0,1684616.0,1677553.0,1672960.0,1662941.0,1647408.0,1640548.0,1650247.0,1665042.0,1672004.0
Lathrop,430921.0,430330.0,433879.0,435250.0,437460.0,438258.0,437987.0,437329.0,435487.0,435444.0,436556.0,439201.0
Laton,209429.0,211574.0,214828.0,215940.0,216285.0,216331.0,218574.0,221470.0,223871.0,225127.0,225918.0,225219.0
Lawndale,583045.0,584587.0,586063.0,589687.0,593192.0,597497.0,597601.0,599151.0,602383.0,607992.0,612231.0,616052.0
Laytonville,339362.0,341283.0,341317.0,338925.0,336209.0,335266.0,333656.0,335245.0,335225.0,335384.0,328904.0,322422.0
Le Grand,203590.0,206775.0,208097.0,209476.0,210101.0,212553.0,213428.0,216685.0,220115.0,223949.0,224183.0,223147.0
Lebec,245332.0,247398.0,247935.0,247476.0,247437.0,248719.0,248994.0,249434.0,249865.0,251436.0,253162.0,253927.0
Lemon Cove,239881.0,240293.0,240782.0,243286.0,245913.0,248316.0,248115.0,249339.0,250906.0,256652.0,258434.0,260671.0
Lemon Grove,455013.0,453139.0,453020.0,456042.0,458696.0,461736.0,464629.0,466399.0,466568.0,466901.0,468808.0,471666.0
Lemoore,254086.0,254617.0,254684.0,254696.0,255381.0,255801.0,255066.0,254081.0,253395.0,253599.0,254671.0,257188.0
Lexington Hills,1215948.0,1214691.0,1208184.0,1212524.0,1209677.0,1207231.0,1198682.0,1190673.0,1192289.0,1197085.0,1200312.0,1200973.0
Lincoln,479242.0,481222.0,481808.0,483293.0,485652.0,487175.0,487531.0,488748.0,491232.0,492771.0,494560.0,496890.0
Linden,478196.0,478377.0,479599.0,479751.0,481673.0,484959.0,487394.0,489966.0,489997.0,489054.0,487628.0,488409.0
Lindsay,190205.0,189749.0,189402.0,190482.0,192185.0,193059.0,192067.0,191646.0,192404.0,195067.0,195860.0,196463.0
Litchfield,214363.0,215011.0,215458.0,216336.0,217176.0,218049.0,218301.0,218082.0,218063.0,218300.0,218925.0,218933.0
Little River,524596.0,526323.0,521240.0,515520.0,508908.0,505852.0,502713.0,499322.0,496710.0,495204.0,490472.0,487292.0
Littlerock,295131.0,294873.0,294804.0,295412.0,296118.0,297204.0,296054.0,295791.0,296167.0,298360.0,299400.0,300401.0
Live Oak,260570.0,262271.0,262312.0,263362.0,264857.0,264502.0,266353.0,265791.0,268900.0,268526.0,269109.0,267908.0
Livermore,804619.5,799473.0,798861.5,798845.5,797097.0,795885.0,794289.0,792643.5,791489.5,790810.0,790252.5,793491.5
Livingston,268017.0,267533.0,266893.0,268415.0,270196.0,272174.0,272704.0,273289.0,272933.0,272418.0,271733.0,271055.0
Llano,281879.0,285016.0,286684.0,287915.0,288392.0,289866.0,289601.0,289722.0,290446.0,291804.0,292040.0,291955.0
Lockeford,499437.5,499528.5,500507.5,499645.5,498745.5,499910.5,499585.0,499802.0,497314.5,496070.5,495397.0,495067.5
Lodi,398244.0,400368.0,401503.0,400953.0,398659.0,398386.0,397849.0,399772.0,398238.0,394134.0,388425.0,388174.0
Loma Linda,412648.0,413104.0,414024.0,414101.0,415281.0,415325.0,415316.0,416974.0,419179.0,422468.0,423654.0,424721.0
Lomita,659681.0,658689.0,657767.0,657092.0,657384.0,657564.0,655269.0,655878.0,659852.0,666891.0,671415.0,674602.0
Lompoc,360466.0,360790.0,359443.0,358374.0,357557.0,358409.0,358212.0,358845.0,358632.0,360521.0,361648.0,364112.0
Long Beach,539288.0,535704.0,533054.0,533860.0,536608.0,539786.0,537197.0,537188.0,539749.0,546833.0,552037.0,555986.0
Loomis,600649.0,604619.0,607835.0,612292.0,616877.0,619250.0,616856.0,616178.0,616492.0,618829.0,619894.0,622757.0
Los Alamitos,1009099.0,1006612.0,1005506.0,1002929.0,1003808.0,1003615.0,1006463.0,1014517.0,1021987.0,1024874.0,1017192.0,1011679.0
Los Altos,3276239.0,3215384.0,3178979.0,3168827.0,3158423.0,3127393.0,3102334.0,3084916.0,3113536.0,3123362.0,3136519.0,3135919.0
Los Altos Hills,3749169.0,3693975.0,3659760.0,3655683.0,3639332.0,3606392.0,3586163.0,3583184.0,3624775.0,3639205.0,3650964.0,3650275.0
Los Angeles,710274.0,706744.0,704765.0,705198.0,705503.0,709004.0,707174.0,707399.0,707896.0,713545.0,718027.0,721433.0
Los Banos,317428.0,317356.0,317451.0,319804.0,322610.0,324888.0,324662.0,324328.0,323486.0,323684.0,323222.0,323354.0
Los Gatos,2347606.5,2308586.5,2288553.0,2279382.5,2270254.5,2252206.5,2234648.0,2224565.5,2237454.0,2243682.0,2251549.5,2251598.0
Los Molinos,201500.0,202454.0,204234.0,208145.0,210577.0,212566.0,210220.0,208549.0,206770.0,208008.0,209620.0,211538.0
Los Olivos,961520.0,960477.0,955494.0,954988.0,957246.0,972013.0,980143.0,987019.0,985387.0,992621.0,1000698.0,1001628.0
Los Osos,581700.0,580809.0,584010.0,587142.0,594202.0,595059.0,595014.0,596787.0,600885.0,604139.0,603487.0,602856.0
Lost Hills,164731.0,167948.0,170706.0,169640.0,168888.0,167628.0,170377.0,172524.0,175136.0,173434.0,171755.0,169887.0
Lotus,464652.0,468671.0,469216.0,467181.0,467400.0,464761.0,465368.0,462763.0,463162.0,459432.0,455184.0,450533.0
Lower Lake,294815.0,294916.0,294329.0,293695.0,293380.0,290227.0,288856.0,287671.0,291473.0,292097.0,292887.0,290962.0
Lucerne,220005.5,220558.0,220239.5,219317.0,218505.5,215393.0,212888.0,211839.0,212826.5,213667.0,214276.0,216054.0
Lucerne Valley,172153.0,173007.0,173581.0,174232.0,175677.0,176638.0,176990.0,177077.0,177451.0,177680.0,177623.0,178235.0
Lynwood,436687.0,436029.0,435914.0,437377.0,438720.0,440974.0,441352.0,443877.0,447550.0,452323.0,455428.0,458137.0
Lytle Creek,356626.0,359551.5,361046.0,359059.5,358929.5,363173.0,364560.0,366531.0,365709.5,367675.0,369243.0,369858.0
Madera,258219.0,258185.0,257869.0,257210.0,257937.0,259225.0,259861.0,260276.0,261204.0,262208.0,263726.0,265705.0
Magalia,232466.0,239831.0,245370.0,250125.0,253766.0,255872.0,255422.0,253230.0,251245.0,250801.0,251872.0,251941.0
Malibu,3461768.0,3435251.0,3422248.0,3416941.0,3426738.0,3439590.0,3366400.0,3305505.0,3251442.0,3269705.0,3249726.0,3236503.0
Manchester,566953.0,569042.0,565595.0,558952.0,553956.0,551118.0,547313.0,540893.0,535335.0,532509.0,526986.0,522240.0
Manhattan Beach,2318333.0,2325542.0,2335278.0,2342030.0,2355454.0,2368771.0,2387367.0,2418208.0,2453314.0,2478171.0,2482088.0,2487075.0
Manteca,412566.0,411857.5,414823.5,415462.0,416940.5,417196.5,417105.5,417169.0,416448.0,416751.0,417259.0,419382.0
Manton,245074.0,245886.0,251635.0,259803.0,268523.0,271814.0,270713.0,269341.0,267188.0,268107.0,269958.0,272446.0
Maricopa,156918.0,151776.0,148625.0,145568.0,145677.0,145153.0,145514.0,144900.0,144626.0,145683.0,145495.0,145143.0
Marina,613634.0,617557.0,618975.0,618372.0,616952.0,618822.0,620225.0,622946.0,623035.0,624841.0,625798.0,627812.0
Marina del Rey,1167345.0,1163433.0,1159049.0,1155771.0,1153998.0,1153525.0,1142796.0,1135793.0,1132772.0,1140140.0,1145012.0,1150800.0
Martinez,604227.0,601005.0,595946.0,591299.0,589198.0,587011.0,589049.0,590572.0,592510.0,593938.0,595866.0,599750.0
Marysville,249826.0,251039.0,252135.0,253140.0,254346.0,256956.0,258424.0,259796.0,259473.0,260971.0,263252.0,265887.0
Mather,408026.0,408082.0,407603.0,409544.0,412501.0,414489.0,414461.0,413309.0,414201.0,415323.0,418773.0,421690.0
Maywood,427671.0,428276.0,429960.0,431110.0,430863.0,431505.0,432040.0,433470.0,436056.0,439165.0,442361.0,444994.0
Mc Farland,189586.0,190431.0,190874.0,190657.0,191466.0,192410.0,193728.0,194212.0,194189.0,194019.0,194403.0,194691.0
McArthur,214241.0,213507.0,213534.0,214002.0,214514.0,215098.0,214672.0,213691.0,212811.0,212220.0,211775.0,211473.0
McKinleyville,359782.0,360142.0,359613.0,359840.0,361113.0,362521.0,362130.0,363160.0,364060.0,365485.0,366284.0,366821.0
Meadow Vista,505217.0,508858.0,511561.0,514471.0,517622.0,517572.0,513907.0,511501.0,510911.0,511357.0,511940.0,514651.0
Mecca,175393.0,176426.0,177774.0,179968.0,182133.0,183468.0,182038.0,181082.0,177946.0,176706.0,176531.0,180859.0
Mendocino,815180.0,817893.0,811093.0,803258.0,794736.0,792069.0,787706.0,783294.0,779215.0,776722.0,768499.0,762929.0
Mendota,199911.0,200388.0,198970.0,197242.0,197318.0,199818.0,203483.0,205954.0,206743.0,208023.0,209804.0,212127.0
Menifee,384637.5,385879.5,387838.5,388833.0,388902.5,388655.5,388666.5,388591.5,387600.5,389023.5,389823.0,393242.0
Menlo Park,2557454.0,2536950.0,2525357.0,2517532.0,2502291.0,2484776.0,2477371.0,2480205.0,2497514.0,2493582.0,2490407.0,2469635.0
Mentone,328920.0,328431.0,329568.0,330503.0,332032.0,332739.0,332515.0,333292.0,334277.0,336326.0,337622.0,338552.0
Merced,270468.0,269893.0,269216.0,270384.5,271338.5,271929.5,271036.0,270442.5,269465.5,269336.0,269156.5,269590.0
Meridian,311109.0,310848.0,306865.0,297888.0,296338.0,300065.0,317007.0,324291.0,328245.0,322144.0,323375.0,321864.0
Middletown,274996.0,275118.0,277099.0,274108.0,272784.0,261902.0,258526.0,256019.0,263580.0,263773.0,263880.0,262814.0
Milford,233650.0,234342.0,234391.0,234961.0,235710.0,236554.0,235226.0,233656.0,232259.0,232590.0,232704.0,232614.0
Mill Valley,1597467.0,1594834.0,1592743.0,1587248.0,1588347.0,1595231.0,1594123.0,1588300.0,1581236.0,1585733.0,1592403.0,1593987.0
Millbrae,1756589.0,1744868.0,1739417.0,1744208.0,1751393.0,1750872.0,1748252.0,1739737.0,1744352.0,1738351.0,1736855.0,1730601.0
Millville,375343.0,379538.0,380763.0,381571.0,384696.0,390566.0,391601.0,389641.0,387186.0,387785.0,388022.0,388979.0
Milpitas,1083199.0,1067889.0,1056120.0,1051118.0,1044653.0,1035546.0,1028578.0,1023625.0,1029770.0,1028084.0,1030109.0,1030751.0
Miramonte,185216.0,186318.0,187901.0,191142.0,191300.0,191337.0,193284.0,196610.0,200941.0,201788.0,200374.0,197475.0
Mission Viejo,734545.5,732010.5,731423.5,730409.0,730866.0,729125.5,728866.5,729427.5,734153.0,737417.5,738306.0,737171.0
Modesto,286730.0,287242.0,286789.0,289319.0,290254.0,291741.0,290716.5,291209.5,291389.0,293734.5,295003.5,296914.0
Mojave,139730.0,140135.0,140930.0,142608.0,145391.0,147334.0,148735.0,149365.0,150204.0,150531.0,150792.0,150606.0
Monrovia,716446.0,714167.0,710331.0,707439.0,706452.0,707876.0,703906.0,703048.0,702285.0,706675.0,708007.0,710924.0
Montclair,433873.0,435038.0,436353.0,437508.0,438949.0,439475.0,438716.0,439395.0,440252.0,442937.0,444434.0,445929.0
Monte Rio,497994.0,491983.0,489369.0,486362.0,486178.0,484978.0,480690.0,477297.0,473683.0,472332.0,466432.0,461814.0
Montebello,544682.0,542160.0,540469.0,540541.0,541808.0,543393.0,541492.0,541411.0,542496.0,546646.0,549344.0,553013.0
Montecito,3085747.0,3083402.0,3071065.0,3069458.0,3066723.0,3072185.0,3062105.0,3069010.0,3068126.0,3077370.0,3069257.0,3067038.0
Monterey,834394.0,837527.0,836688.0,833153.0,826704.0,824188.0,818505.0,817231.0,813093.0,815409.0,815334.0,816471.0
Monterey Park,647503.5,645182.5,642135.0,640268.0,639553.5,641120.5,638901.5,640296.0,642417.5,647262.0,648812.0,650454.0
Montgomery Creek,197007.0,197039.0,197435.0,197903.0,199846.0,203557.0,204984.0,206077.0,205819.0,205793.0,205506.0,205416.0
Moorpark,659270.0,658686.0,658861.0,659816.0,660375.0,658692.0,657495.0,657940.0,659945.0,662340.0,662804.0,666263.0
Moraga,1379835.0,1369067.0,1354497.0,1345588.0,1344855.0,1346547.0,1331417.0,1314379.0,1296432.0,1302056.0,1311351.0,1320129.0
Moreno Valley,335749.0,337237.5,339295.0,340522.5,341073.0,341612.5,342307.5,342906.5,342622.0,344364.5,345323.0,348484.0
Morgan Hill,966732.0,954195.0,947796.0,948410.0,947161.0,941957.0,939076.0,938128.0,946219.0,948195.0,951892.0,952589.0
Morongo Valley,205018.0,207575.0,209806.0,211754.0,213067.0,213541.0,214229.0,215339.0,216897.0,219163.0,221287.0,221648.0
Morro Bay,666002.0,661859.0,662864.0,664522.0,670488.0,670748.0,666271.0,666373.0,669182.0,674161.0,674975.0,675738.0
Moss Beach,1225072.0,1214705.5,1213743.5,1219299.5,1221647.0,1220139.5,1215255.0,1206697.0,1203371.0,1195906.0,1195629.5,1193695.5
Moss Landing,709037.5,714119.0,712603.0,705670.0,695486.0,685537.0,679794.5,679086.0,678221.0,687158.0,701520.5,716448.5
Mountain Center,393032.0,393567.0,395347.0,395160.0,396803.0,397844.0,404273.0,409304.0,412825.0,411909.0,409184.0,408744.0
Mountain View,2002999.0,1980717.0,1966720.0,1958748.0,1941116.0,1919630.0,1893316.0,1879153.0,1881599.0,1885763.0,1889901.0,1895779.0
Murrieta,437408.5,438888.5,441327.0,442138.5,441907.0,441465.0,441378.0,441160.5,440420.5,442080.5,442757.0,446036.5
Myers Flat,402804.0,393794.0,384356.0,385227.0,384046.0,384725.0,378135.0,371555.0,366332.0,363749.0,362071.0,357493.0
Napa,719857.0,723871.0,723825.0,721348.0,721049.0,718806.0,714675.0,709056.0,708437.0,710702.0,712443.0,711629.0
National City,417830.0,417465.0,417796.0,420123.0,421154.0,422809.0,425319.0,428171.0,429272.0,429999.0,431081.0,433708.0
Needles,104092.0,103920.0,102962.0,102842.0,103959.0,105319.0,106765.0,106219.0,106535.0,106288.0,107797.0,108104.0
Nevada City,391989.5,393388.5,394664.0,399908.5,404078.5,405275.5,404114.0,402191.0,400844.5,398373.5,397176.5,398456.5
Newark,974262.0,968820.0,963642.0,956685.0,948806.0,941624.0,931620.0,921321.0,913541.0,910850.0,908702.0,911109.0
Newberry Springs,131843.0,133495.0,134223.0,133999.0,133460.0,132456.0,131601.0,128966.0,127365.0,126508.0,127021.0,126916.0
Newcastle,630882.0,634743.0,636920.0,641330.0,645185.0,648113.0,642710.0,640692.0,638854.0,641177.0,642244.0,645467.0
Newman,302487.0,303574.0,303507.0,306237.0,307067.0,307992.0,306028.0,306002.0,306000.0,309072.0,311651.0,314676.0
Newport Beach,2788390.5,2784484.0,2791251.5,2791999.0,2795610.0,2790932.5,2807028.0,2839610.0,2882027.0,2907345.5,2879549.0,2841342.5
Nicasio,1327172.5,1330825.0,1336295.5,1330538.0,1326538.0,1324942.0,1320939.0,1315459.0,1305725.0,1298703.0,1296908.5,1300300.0
Nice,180769.0,181557.0,181750.0,181059.0,181320.0,182647.0,185544.0,189871.0,193294.0,194508.0,194298.0,194841.0
Nicolaus,600943.0,607077.0,607213.0,604000.0,599251.0,579841.0,548018.0,509090.0,486766.0,477060.0,476000.0,471555.0
Nipomo,658740.5,658125.5,658433.0,659454.0,663612.5,663029.0,658227.5,655869.0,657544.0,660775.0,660868.0,660459.0
Norco,546926.0,548777.0,551441.0,553504.0,554577.0,554495.0,555145.0,555963.0,556793.0,557486.0,557055.0,559787.0
North Fork,301964.0,301370.0,301133.0,301442.0,301120.0,300583.0,298969.0,298135.0,298141.0,300037.0,301714.0,303406.0
North Tustin,940674.0,938910.0,939177.0,938297.0,938914.0,937639.0,940312.0,944803.0,954603.0,959980.0,957810.0,952026.0
Norwalk,487572.0,485517.0,484164.0,484345.0,485361.0,486121.0,484453.0,484143.0,485745.0,489355.0,492048.0,495037.0
Novato,876060.0,878433.0,881159.0,879724.0,878501.0,877288.0,873258.0,865556.0,858419.0,853593.0,852669.0,850942.0
Nuevo,351061.0,352560.0,354630.0,355599.0,355709.0,355118.0,357053.0,358686.0,359113.0,359377.0,359048.0,362221.0
Oak Park,826227.0,824804.0,824774.0,827257.0,828948.0,828728.0,827143.0,828331.0,830192.0,832677.0,831698.0,834835.0
Oak Run,281602.0,282909.0,282048.0,281534.0,283559.0,289279.0,292454.0,293064.0,292450.0,292987.0,293675.0,294166.0
Oak View,597097.0,596504.0,598518.0,600280.0,599731.0,595686.0,591735.0,590573.0,592486.0,595779.0,597067.0,600987.0
Oakdale,447791.0,447531.5,446719.0,448170.5,449624.5,452199.0,452614.5,454198.0,454609.0,455355.0,455200.0,455942.5
Oakhurst,298576.0,299047.0,297923.0,296062.0,295827.0,296843.0,297352.0,296937.0,297200.0,298369.0,300588.0,302645.0
Oakland,672605.0,668239.0,667073.5,666482.0,665599.0,667072.0,671046.0,673805.0,674935.5,671399.5,668902.0,669856.0
Oakley,545124.0,543586.0,539542.0,538177.0,538756.0,540458.0,543666.0,547183.0,549515.0,549949.0,550310.0,553438.0
Occidental,972272.0,965382.0,958265.0,944612.0,938950.0,941284.0,947646.0,955312.0,956282.0,961582.0,959429.0,964178.0
Oceano,474783.0,475002.0,475317.0,475811.0,478747.0,479384.0,475561.0,472625.0,472133.0,474086.0,474498.0,474275.0
Oceanside,510457.0,508426.5,508207.5,511531.0,513556.0,515599.0,517422.0,518510.5,518619.0,519199.5,521863.5,524772.5
Oildale,210128.0,211253.0,212261.0,212775.0,213627.0,214611.0,215253.0,216187.0,216677.0,217370.0,218182.0,218946.0
Ojai,726949.0,727268.0,728734.0,729261.0,728471.0,724847.0,722677.0,723134.0,726661.0,730480.0,730442.0,733553.0
Old Station,176442.0,176727.0,177031.0,177912.0,179512.0,180704.0,179654.0,177823.0,176201.0,176533.0,176695.0,176723.0
Olivehurst,277243.0,278919.0,280135.0,281017.0,282325.0,284839.0,286276.0,287778.0,287709.0,289400.0,291758.0,294174.0
Ontario,429020.0,430207.0,431983.0,433306.0,435097.0,435897.0,435705.0,436600.0,437443.0,439427.0,440681.0,442129.0
Onyx,150967.5,150914.0,150194.5,149917.0,150384.5,150930.0,150480.5,150311.0,150889.0,152529.5,154735.5,156504.5
Orange,695625.0,692929.0,692809.0,692081.0,693483.0,693087.0,694475.0,695928.0,699289.0,700271.0,698692.0,696540.0
Orange Cove,179962.0,180026.0,180140.0,180141.0,180994.0,182508.0,184886.0,186894.0,187554.0,188282.0,188625.0,189530.0
Orangevale,388874.0,388983.0,388653.0,390339.0,392279.0,393854.0,393924.0,394318.0,395824.0,398062.0,401707.0,404795.0
Oregon House,305980.0,305593.0,305987.0,305973.0,308003.0,310248.0,310280.0,309168.0,306524.0,307746.0,308613.0,309340.0
Orinda,2081743.0,2064736.0,2046368.0,2031513.0,2025221.0,2022923.0,2026673.0,2030396.0,2028947.0,2034027.0,2044634.0,2061195.0
Orosi,180183.0,180004.0,180177.0,181074.0,182384.0,183098.0,182731.0,183412.0,184911.0,187525.0,188097.0,188385.0
Oroville,222469.5,229189.5,234357.0,237954.0,240451.5,243275.0,247360.5,250865.5,253408.0,253985.0,255384.0,255451.0
Oxnard,514238.0,514893.5,515967.5,517862.0,519488.5,519338.0,519394.0,520013.0,521985.5,524541.5,525647.0,529144.0
Pacific Grove,979381.0,981454.0,981387.0,978378.0,972265.0,972753.0,965961.0,961432.0,954036.0,957193.0,960222.0,962430.0
Pacifica,1097813.0,1091063.0,1089905.0,1095557.0,1101233.0,1101612.0,1100618.0,1095545.0,1095775.0,1088440.0,1087178.0,1088138.0
Pala,716972.0,714656.0,712077.0,712088.0,710041.0,711655.0,716473.0,720250.0,721944.0,721185.0,724112.0,725781.0
Palermo,186174.0,194138.0,201832.0,206719.0,210365.0,213434.0,218794.0,222154.0,224965.0,225380.0,227582.0,226923.0
Palm Desert,357018.0,358538.5,360839.0,362361.0,363086.0,363979.0,366200.5,368233.5,369598.5,370445.0,369853.0,370915.0
Palm Springs,400838.5,403036.5,405463.0,406803.0,407290.5,408208.5,413313.0,418253.5,422118.0,420702.0,418017.5,417452.5
Palmdale,301616.0,301443.0,301451.0,301844.5,302919.0,304463.0,304820.5,305670.0,306884.0,308827.0,310080.0,311503.0
Palo Alto,3468523.0,3420230.0,3384180.0,3381618.0,3369313.0,3346236.0,3311054.0,3289108.0,3301723.0,3320134.0,3340970.0,3363877.0
Palo Cedro,415238.0,416686.0,416371.0,417222.0,420716.0,426937.0,428431.0,426717.0,424340.0,424982.0,425188.0,425677.0
Palomar Mountain,332410.0,325413.0,321773.0,319101.0,315545.0,312640.0,313197.0,317297.0,317344.0,314688.0,312746.0,317343.0
Paradise,264523.0,270306.0,275847.0,281341.0,285601.0,287125.0,289195.0,288444.0,286716.0,283523.0,283955.0,284807.0
Paramount,429338.0,428162.0,427676.0,428321.0,429779.0,432226.0,432091.0,432702.0,433875.0,437243.0,439848.0,443037.0
Parlier,186999.0,188436.0,190894.0,193123.0,193730.0,194697.0,196322.0,198746.0,199385.0,200232.0,200682.0,201359.0
Pasadena,829218.0,825172.5,823181.5,823458.0,824468.0,826678.5,821653.0,821567.5,822427.5,829435.0,833215.0,837920.5
Paso Robles,461462.0,461783.0,463090.0,465185.0,467736.0,467568.5,466594.5,467548.5,469393.0,471019.5,471121.5,472065.5
Patterson,370185.0,371095.0,370667.0,373646.0,374870.0,376574.0,374785.0,374308.0,373196.0,375395.0,376615.0,378681.0
Pauma Valley,552816.0,550791.0,550375.0,550229.0,551466.0,554788.0,561822.0,566352.0,567026.0,563246.0,562952.0,563425.0
Paynes Creek,109881.0,110743.0,110410.0,110537.0,110714.0,111571.0,111716.0,111120.0,109237.0,108853.0,109704.0,112536.0
Pearblossom,278317.0,279225.0,280034.0,281122.0,282703.0,284439.0,282955.0,281345.0,279903.0,280648.0,281518.0,282646.0
Penn Valley,404503.0,403806.0,404598.0,410034.0,411286.0,410204.0,405276.0,402375.0,399421.0,397758.0,398394.0,400718.0
Penngrove,969693.0,963240.0,963899.0,963540.0,973629.0,979957.0,987924.0,989498.0,984999.0,980927.0,967718.0,964542.0
Penryn,608489.0,613606.0,615434.0,618777.0,622906.0,624548.0,618925.0,614775.0,613763.0,616666.0,618258.0,621242.0
Perris,341174.0,342707.0,345078.0,346784.0,347969.0,348761.0,350616.0,351512.0,351994.0,352387.0,352759.0,354760.0
Pescadero,1306964.0,1311266.0,1301169.0,1288244.0,1247195.0,1231022.0,1259031.0,1302685.0,1333242.0,1302644.0,1269139.0,1250031.0
Petaluma,757786.5,751730.0,748151.5,746821.0,750724.0,756462.5,758819.0,758124.5,754643.0,752805.0,746786.5,744448.0
Phelan,282294.0,283754.0,284509.0,284539.0,285210.0,285955.0,286380.0,286753.0,286693.0,287333.0,288238.0,289744.0
Pico Rivera,490134.0,488347.0,486908.0,486502.0,487395.0,488635.0,487434.0,487247.0,488776.0,492970.0,496295.0,499866.0
Piedmont,1328312.0,1323109.0,1322646.0,1321862.0,1318888.0,1320985.0,1334348.0,1347110.0,1358187.0,1353836.0,1344401.0,1342647.0
Pilot Hill,487414.0,490478.0,490431.0,487529.0,485915.0,483896.0,485223.0,484989.0,485867.0,484833.0,482513.0,480530.0
Pine Mountain Club,255173.0,258137.0,260175.0,261000.0,262185.0,263172.0,262884.0,262676.0,262943.0,263241.0,263536.0,262951.0
Pinon Hills,287187.0,288592.0,288930.0,289186.0,289442.0,289985.0,290419.0,291590.0,291976.0,293101.0,294289.0,296328.0
Pismo Beach,888687.0,885287.0,887658.0,890262.0,896810.0,893839.0,878137.0,875304.0,877737.0,889223.0,889312.0,887785.0
Pittsburg,589462.0,586794.0,581009.0,573982.0,571342.0,569497.0,572783.0,575204.0,579866.0,580378.0,582957.0,586777.0
Pixley,151598.0,151511.0,151736.0,151953.0,152857.0,153225.0,151899.0,150263.0,149700.0,151573.0,152675.0,153483.0
Placentia,698284.0,695955.0,695706.0,695320.0,696427.0,696109.0,697326.0,699453.0,704429.0,707501.0,708089.0,707205.0
Placerville,398569.0,401028.0,401305.0,398237.0,396629.0,394843.0,395194.0,395277.0,394418.0,393788.0,391766.0,390778.0
Planada,177903.0,179271.0,179595.0,181138.0,181341.0,184503.0,185950.0,189273.0,192114.0,194953.0,195462.0,194832.0
Pleasant Grove,683343.0,685174.0,683982.0,684033.0,677365.0,653969.0,612861.0,562931.0,531527.0,516475.0,515962.0,514820.0
Pleasant Hill,783395.0,781097.0,775279.0,770033.0,768076.0,766338.0,763224.0,757040.0,751477.0,751679.0,755264.0,759246.0
Pleasanton,1182741.5,1175936.5,1175095.0,1173718.5,1168427.5,1162468.0,1160050.0,1155701.5,1153125.0,1146817.5,1143056.5,1144781.0
Point Reyes Station,1036186.0,1032811.5,1026669.5,1016230.5,1022947.0,1044077.0,1061744.5,1065770.5,1055835.0,1067342.5,1077511.0,1094218.5
Pollock Pines,309736.0,312745.0,314238.0,311682.0,309799.0,307317.0,306475.0,305639.0,305070.0,304939.0,304152.0,303794.0
Pomona,441417.0,440646.0,439971.0,440638.0,442258.0,444937.0,445113.0,445747.0,447267.0,450598.0,453787.0,457239.0
Pope Valley,405269.0,406788.0,403218.0,389420.0,380624.0,376897.0,377168.0,374929.0,374621.0,376301.0,377723.0,377707.0
Port Hueneme,408150.0,408092.0,408246.0,409172.0,409561.0,408422.0,407688.0,408196.0,410251.0,412694.0,413681.0,416321.0
Porterville,202189.0,201823.0,201459.0,202041.0,203384.0,204328.0,203767.0,203904.0,204503.0,206580.0,206495.0,206683.0
Portola Valley,3811882.0,3789064.0,3780689.0,3765765.0,3745250.0,3716431.0,3724103.0,3732083.0,3772458.0,3770706.0,3769079.0,3756493.0
Potter Valley,301551.0,301091.0,299855.0,300265.0,305374.0,315459.0,331395.0,345192.0,353315.0,355115.0,352217.0,348712.0
Poway,726308.0,723833.0,724359.0,728596.0,730711.0,732845.0,735574.0,737487.0,737134.0,737519.0,739200.0,741391.0
Prather,400283.0,401075.0,405508.0,406946.0,406550.0,405764.0,408009.0,410615.0,410028.0,408195.0,405874.0,404461.0
Ramona,526179.0,523214.0,522449.0,524578.0,525272.0,525435.0,526146.0,526384.0,525472.0,525064.0,527076.0,530791.0
Ranchita,318781.0,318182.0,313843.0,314510.0,315630.0,322189.0,325207.0,327333.0,325064.0,321876.0,318854.0,317806.0
Rancho Cordova,343491.0,343378.0,343153.0,344751.0,346797.0,348261.0,348597.0,348042.0,348683.0,349769.0,353503.0,356967.0
Rancho Cucamonga,593297.5,593680.0,595346.5,596384.0,598023.5,598061.0,596644.0,596854.5,597492.0,600688.5,603233.5,605736.5
Rancho Mirage,517480.0,518309.0,520775.0,521988.0,522760.0,523875.0,527530.0,530541.0,531708.0,532056.0,531125.0,532712.0
Rancho Santa Fe,2356388.0,2343308.0,2337292.5,2349493.5,2352302.5,2355953.0,2365452.0,2378165.0,2387979.5,2393209.5,2400196.0,2408200.5
Rancho Santa Margarita,718266.5,715988.0,715214.0,714675.0,715292.0,713848.0,713359.5,713663.5,717584.0,720546.0,720807.0,719704.5
Raymond,322334.0,322763.0,322740.0,323012.0,325794.0,327691.0,328407.0,328502.0,328903.0,332150.0,335490.0,340207.0
Red Bluff,242097.0,242774.0,244041.0,246488.0,248760.0,250418.0,251229.0,252289.0,254223.0,256609.0,259029.0,261178.0
Redding,274912.0,276390.0,277003.0,278437.0,281348.0,284743.0,286069.0,286141.0,287117.0,287152.0,286954.0,286589.0
Redlands,429388.0,428339.5,428394.0,428854.5,430418.5,430988.5,431227.0,433337.5,435738.0,438494.0,439358.5,440008.5
Redondo Beach,1153694.0,1148990.0,1144354.5,1142187.5,1141418.0,1143552.5,1136585.0,1136940.5,1137851.0,1147609.5,1152160.5,1159340.5
Redway,391593.0,389244.5,383557.0,384124.0,379423.0,378280.5,374317.5,369978.0,366357.5,364910.5,366293.5,367111.0
Redwood City,1613119.0,1598655.0,1587054.0,1579915.0,1573311.0,1569595.0,1569906.0,1565404.0,1565511.0,1556562.0,1554932.0,1553545.0
Redwood Valley,462795.0,465205.0,461603.0,456319.0,450125.0,448067.0,447177.0,446941.0,446576.0,446076.0,441583.0,437747.0
Reedley,234030.0,234821.0,236397.0,237152.0,237400.0,237473.0,238648.0,240066.0,240775.0,241546.0,241520.0,241799.0
Rescue,546692.0,550527.0,552043.0,549248.0,548661.0,547493.0,548702.0,548515.0,548001.0,547785.0,545581.0,543374.0
Rialto,373117.5,374173.0,375733.0,376767.5,378386.5,379229.5,379243.5,379998.0,380830.5,382837.5,384533.0,386455.0
Richgrove,144789.0,146531.0,144417.0,145107.0,147808.0,151017.0,151261.0,149506.0,148545.0,149687.0,149470.0,148487.0
Richmond,591677.0,593940.5,592961.0,591876.0,592845.5,593007.5,590630.5,585908.5,582538.5,582388.0,583082.5,584552.0
Ridgecrest,190906.0,191749.0,192052.0,191761.0,191997.0,192645.0,192361.0,192366.0,192208.0,193063.0,193865.0,194178.0
Rio Linda,302387.0,302190.0,301944.0,304012.0,306238.0,308407.0,309473.0,309971.0,311022.0,312164.0,314592.0,317011.0
Rio Oso,406112.0,410015.0,410439.0,411166.0,409977.0,403469.0,406567.0,403530.0,406983.0,399924.0,399824.0,396743.0
Rio Vista,387850.0,385656.0,385282.0,387453.0,388719.0,389310.0,390542.0,391528.0,392063.0,392187.0,391329.0,389806.0
Ripon,472116.0,470920.0,473743.0,473808.0,475521.0,474938.0,473917.0,472641.0,471291.0,471580.0,472651.0,475507.0
Riverbank,324892.0,325774.0,325626.0,328392.0,329779.0,331255.0,330247.0,330660.0,330650.0,333044.0,334293.0,336539.0
Riverdale,208041.0,210696.0,213115.0,214159.0,213402.0,213934.0,217016.0,219939.0,221522.0,221344.0,221278.0,219343.0
Riverside,400432.0,401994.0,404096.0,404978.0,404675.0,404523.0,404923.0,405807.0,405938.0,407940.0,408807.0,411678.0
Rocklin,490310.0,493128.5,493784.0,494265.0,495698.0,495894.5,494678.0,494164.5,495632.5,497016.5,498826.0,501458.5
Rohnert Park,563622.0,558957.0,555791.0,552951.0,554426.0,557973.0,560189.0,559289.0,557060.0,556765.0,554368.0,553835.0
Rolling Hills,1309670.0,1306668.0,1304803.0,1305818.0,1309888.0,1313070.0,1304324.0,1300036.0,1299576.0,1308463.0,1312152.0,1315333.0
Rolling Hills Estates,1930717.0,1923035.0,1916487.0,1914725.0,1918394.0,1925949.0,1909059.0,1900758.0,1892543.0,1905594.0,1907394.0,1913251.0
Rosamond,254983.0,256530.0,257647.0,257939.0,258642.0,259208.0,259458.0,260029.0,260561.0,261204.0,262087.0,262560.0
Rosemead,607603.0,605365.0,602488.0,601516.0,601378.0,602906.0,598589.0,598025.0,599310.0,605170.0,607984.0,610454.0
Rosemont,336675.0,336515.0,336207.0,337681.0,339497.0,340999.0,340759.0,339963.0,340717.0,342185.0,345556.0,348100.0
Roseville,487887.0,489393.0,489465.0,490591.0,492055.0,492257.0,490965.0,490302.0,491821.0,493016.0,495078.0,498388.0
Ross,3164087.0,3174380.0,3173363.0,3133642.0,3107457.0,3106036.0,3087885.0,3058274.0,3030339.0,3043430.0,3060619.0,3063323.0
Rough and Ready,389560.0,387740.0,386406.0,391312.0,394001.0,394967.0,392837.0,392574.0,392099.0,391251.0,391877.0,393623.0
Round Mountain,219284.0,218838.0,218146.0,217844.0,220667.0,227675.0,232549.0,235531.0,235701.0,236305.0,237803.0,238989.0
Rowland Heights,667245.0,664146.0,661520.0,660621.0,661009.0,662140.0,659982.0,659726.0,660674.0,663479.0,663927.0,665571.0
Running Springs,227245.0,227943.0,228767.0,228961.0,229943.0,231138.0,231700.0,232185.0,232269.0,233295.0,233747.0,234659.0
Sacramento,315201.0,315956.0,316463.0,318634.0,320733.0,322422.0,322326.0,321175.0,320963.0,321269.0,324097.0,326846.0
Saint Helena,1455922.0,1462220.0,1462675.0,1461731.0,1462211.0,1453358.0,1462441.0,1477333.0,1509013.0,1520931.0,1527342.0,1523496.0
Salida,336059.0,337275.0,337187.0,340094.0,341881.0,344260.0,344404.0,346131.0,346993.0,349942.0,351245.0,353634.0
Salinas,564309.0,568495.0,569684.0,572095.0,571284.5,569809.5,567391.0,566372.5,565821.5,567389.5,569191.0,571015.5
San Anselmo,1247245.0,1245161.0,1242073.0,1234602.0,1227158.0,1220551.0,1210035.0,1194098.0,1184266.0,1188013.0,1205889.0,1220649.0
San Bernardino,266930.0,268016.0,269785.0,271124.0,272944.0,273867.0,274452.0,275822.0,277041.0,278795.0,279903.0,281112.0
San Bruno,1140778.0,1136771.0,1132631.0,1136146.0,1139786.0,1143091.0,1142820.0,1137610.0,1136063.0,1129150.0,1131556.0,1135014.0
San Carlos,1969601.0,1955625.0,1949345.0,1944871.0,1943357.0,1934557.0,1934787.0,1924997.0,1929352.0,1921054.0,1920917.0,1916770.0
San Clemente,1025212.5,1023399.0,1024563.5,1026832.0,1030890.0,1031889.0,1035573.5,1038347.5,1044498.0,1046669.5,1043087.5,1039332.0
San Diego,622241.0,619224.0,618753.0,622508.0,624702.0,625677.0,627345.0,629137.0,629239.0,629472.0,630810.0,632643.0
San Dimas,623925.0,621535.0,619809.0,618494.0,618737.0,620413.0,620377.0,621488.0,622590.0,625440.0,626717.0,629042.0
San Fernando,484553.0,482814.0,480577.0,481673.0,483394.0,486900.0,486415.0,486630.0,487115.0,490869.0,493958.0,498306.0
San Francisco,1400463.0,1399829.5,1396623.5,1395336.0,1399828.0,1404239.0,1406152.5,1405606.0,1404622.5,1414350.0,1420323.5,1435009.0
San Gabriel,792556.0,789534.0,785915.0,784431.0,784943.0,786152.0,779308.5,775796.0,774632.0,781361.5,784154.5,788026.5
San Jacinto,292409.5,293577.5,295325.0,296532.5,297210.0,297621.5,298096.5,298719.0,298739.5,300260.5,300970.0,303570.0
San Joaquin,181344.0,181965.0,181836.0,181925.0,180884.0,181202.0,182494.0,182604.0,181895.0,180535.0,180591.0,180730.0
San Jose,1035629.0,1020952.0,1002734.0,989698.0,996572.0,984679.0,976057.0,972386.0,981577.0,983345.0,986209.0,987595.0
San Juan Bautista,646929.0,640672.0,638994.0,640886.0,644524.0,647265.0,648488.0,647526.0,646068.0,641558.0,640080.0,642149.0
San Juan Capistrano,792061.0,789758.0,788877.0,788559.0,789600.0,788698.0,789808.0,791318.0,796587.0,799442.0,798571.0,796705.0
San Leandro,662808.0,658727.0,658284.0,657686.0,657553.0,658246.0,659997.0,660395.0,660695.0,660013.0,658592.0,660015.0
San Lorenzo,655809.0,650579.0,649615.0,649961.0,649626.0,649679.0,648615.0,647258.0,646654.0,648040.0,650036.0,656035.0
San Luis Obispo,731859.0,731766.0,736393.0,739308.0,743372.0,741471.0,734373.0,733805.0,735289.0,740057.0,739555.0,739474.0
San Marcos,592607.0,590189.5,589602.5,592418.0,593857.0,595399.5,596980.0,598324.5,598585.0,599098.0,600960.5,602515.5
San Marino,1998314.0,2008533.0,2015838.0,2040473.0,2062145.0,2095853.0,2113491.0,2142193.0,2171859.0,2200858.0,2225431.0,2248839.0
San Martin,1080740.0,1067598.0,1054599.0,1049328.0,1047755.0,1040454.0,1030443.0,1024370.0,1033085.0,1039836.0,1045470.0,1045000.0
San Mateo,1595204.0,1585478.0,1580351.0,1580905.0,1581518.0,1572406.0,1565605.0,1552838.0,1556175.0,1551117.0,1552558.0,1553591.0
San Miguel,393428.0,393937.0,396866.0,400100.0,403405.0,402647.0,401389.0,402215.0,405735.0,407883.0,408706.0,409265.0
San Rafael,1090897.5,1093434.0,1096845.5,1095995.0,1096160.0,1097064.0,1095193.5,1088111.5,1081675.5,1079259.0,1085414.5,1091322.0
San Ramon,1287217.0,1282825.0,1276979.5,1271594.0,1268697.0,1266697.0,1260755.5,1254289.5,1245584.0,1247766.0,1254168.5,1262544.5
Sanger,266447.0,267197.0,268838.0,269425.0,268577.0,268238.0,269038.0,270566.0,270631.0,271161.0,271681.0,272520.0
Santa Ana,528666.0,528651.0,530296.0,532374.0,534766.0,535232.0,536125.0,538053.0,543074.0,546699.0,547406.0,546159.0
Santa Barbara,1187735.5,1186698.5,1181084.0,1176348.0,1171214.0,1169865.0,1162422.5,1164139.0,1161236.5,1168487.5,1168901.0,1174691.0
Santa Clara,1277673.0,1254741.0,1237648.0,1229938.0,1221817.0,1210213.0,1192828.0,1178385.0,1177821.0,1178925.0,1186529.0,1190138.0
Santa Clarita,563067.0,561391.5,560157.0,559674.5,560170.5,561467.5,560479.0,560556.5,561806.0,565287.5,567348.0,569899.0
Santa Cruz,937183.5,942390.0,938751.0,941473.5,934032.0,932291.5,927521.5,921461.0,919584.0,921357.5,921414.0,919781.5
Santa Fe Springs,500679.0,499456.0,499208.0,499675.0,500858.0,501649.0,500091.0,500259.0,502326.0,506916.0,510093.0,513219.0
Santa Maria,406448.5,407464.0,406159.5,405362.0,404702.0,406254.5,406286.0,407062.0,406758.0,408887.0,410500.5,413539.0
Santa Monica,1435645.0,1424881.0,1410872.0,1404153.0,1407314.0,1412127.0,1389853.0,1376021.0,1370802.0,1392114.0,1400247.0,1408692.0
Santa Paula,448922.0,450932.0,452404.0,454442.0,456849.0,457593.0,458285.0,458747.0,460057.0,461720.0,461614.0,463727.0
Santa Rosa,607251.0,600929.0,596703.0,592960.0,593600.0,597515.0,600625.0,601460.0,600407.0,601101.0,599542.0,599077.0
Santa Ynez,1099322.0,1105798.0,1102868.0,1102154.0,1107872.0,1124127.0,1126170.0,1127168.0,1121207.0,1123178.0,1121637.0,1119526.0
Santa Ysabel,472397.0,467121.0,466093.0,469087.0,471029.0,470494.0,470429.0,473709.0,475262.0,475951.0,474483.0,474596.0
Santee,494961.0,492194.0,491654.0,494475.0,496644.0,498788.0,500766.0,501790.0,501530.0,501690.0,504507.0,508188.0
Saratoga,2840641.0,2798974.0,2772818.0,2764352.0,2755630.0,2737979.0,2716660.0,2701521.0,2712329.0,2714642.0,2719570.0,2718959.0
Sausalito,1282488.0,1273612.0,1267576.0,1264814.0,1264944.0,1269511.0,1268227.0,1259387.0,1252216.0,1250461.0,1254753.0,1258140.0
Scotia,248944.0,249422.0,248961.0,249121.0,248275.0,249458.0,250740.0,252646.0,253169.0,253098.0,253696.0,254275.0
Scotts Valley,963290.0,969977.0,967069.0,971373.0,965273.0,965310.0,960298.0,955232.0,954061.0,956334.0,957891.0,956037.0
Seal Beach,903319.0,891916.0,882064.0,875923.0,875897.0,873923.0,871030.0,872576.0,878593.0,885741.0,886479.0,887392.0
Seaside,563453.0,566813.0,568537.0,569089.0,567215.0,567543.0,564711.0,564173.0,562382.0,563472.0,563401.0,563519.0
Sebastopol,841626.0,831101.0,824908.0,821730.0,825912.0,832403.0,837362.0,840825.0,840891.0,841994.0,835559.0,833181.0
Selma,227517.0,228800.0,230841.0,232100.0,232474.0,232984.0,234462.0,236579.0,237298.0,237959.0,237671.0,237635.0
Shafter,209110.0,211172.0,212391.0,212430.0,213415.0,215637.0,218403.0,220434.0,221431.0,221426.0,222172.0,222713.0
Shandon,327476.0,329664.0,330355.0,332156.0,334373.0,333775.0,334765.0,338881.0,344227.0,346154.0,343543.0,342822.0
Shasta Lake,208739.0,210565.0,212017.0,213078.0,214214.0,216229.0,217375.0,218163.0,218601.0,219404.0,219848.0,220922.0
Shaver Lake,454691.0,455223.0,455990.0,455165.0,453996.0,455129.0,460281.0,466048.0,468161.0,467846.0,465025.0,462910.0
Sheridan,410366.0,414441.0,408832.0,408472.0,406474.0,411653.0,411807.0,412072.0,409819.0,409866.0,410762.0,411874.0
Shingle Springs,486431.0,489457.0,490634.0,487322.0,486474.0,485023.0,485975.0,485651.0,485643.0,486406.0,485858.0,484875.0
Shingletown,258213.0,259902.0,259510.0,260419.0,261883.0,264730.0,264651.0,262789.0,260743.0,260677.0,261731.0,263533.0
Sierra Madre,1038524.0,1036431.0,1032412.0,1030536.0,1029176.0,1032564.0,1028703.0,1029126.0,1029094.0,1035796.0,1037342.0,1038566.0
Signal Hill,532025.0,530657.0,529777.0,529785.0,530377.0,530951.0,527710.0,525956.0,525611.0,529374.0,532108.0,534942.0
Silverado,675416.0,673447.0,674809.0,676072.0,677634.0,672983.0,671563.0,673591.0,681909.0,687279.0,683850.0,678245.0
Simi Valley,584613.0,583926.0,583572.5,584759.0,585506.0,584196.0,582819.5,582335.5,584195.5,586449.0,587490.5,590879.5
Sloughhouse,530730.0,532635.0,531963.0,533338.0,535239.0,536510.0,534777.0,531211.0,531076.0,532246.0,536938.0,539913.0
Smartsville,357446.0,358732.0,362060.0,369173.0,372270.0,371540.0,367589.0,365782.0,364830.0,364998.0,365578.0,366766.0
Smith River,328092.0,329273.0,330432.0,331479.0,332294.0,333697.0,335513.0,336826.0,338490.0,340330.0,341460.0,342184.0
Soda Springs,557324.0,555721.0,555257.0,561994.0,560237.0,557938.0,552008.0,557406.0,559300.0,559485.0,554730.0,555071.0
Solana Beach,1407107.0,1405066.0,1407118.0,1411626.0,1415745.0,1418163.0,1429458.0,1444268.0,1455800.0,1460433.0,1459608.0,1457633.0
Soledad,404593.0,408117.0,410031.0,410707.0,409880.0,411373.0,412150.0,412692.0,411859.0,412035.0,412813.0,413785.0
Solvang,865492.0,868526.0,866731.0,863973.0,861733.0,862940.0,863818.0,864458.0,862425.0,863104.0,862150.0,863129.0
Somerset,381494.0,383904.0,380471.0,375619.0,370598.0,367881.0,365151.0,364711.0,364933.0,363602.0,363071.0,364781.0
Somis,1067585.0,1072776.0,1079740.0,1085828.0,1091319.0,1094013.0,1089720.0,1089907.0,1089758.0,1094792.0,1095809.0,1102066.0
Sonoma,704905.5,698912.5,698000.0,697691.0,703331.0,708545.5,713418.0,717359.5,718255.5,719347.5,714335.5,711305.5
Soquel,982547.0,987422.0,985960.0,988881.0,983039.0,981810.0,976509.0,968638.0,965133.0,967399.0,968189.0,966709.0
South El Monte,506726.0,503437.0,501137.0,500719.0,501550.0,502825.0,499210.0,497413.0,496935.0,500521.0,502900.0,505446.0
South Gate,453101.0,452163.0,451216.0,451566.0,451885.0,453326.0,452418.0,453595.0,456119.0,460607.0,463712.0,466655.0
South Lake Tahoe,408985.0,412769.0,412856.0,410028.5,412246.5,414438.5,416377.5,413070.5,407262.0,404136.0,401586.0,398757.0
South Pasadena,1159639.0,1158987.0,1158131.0,1159250.0,1162930.0,1168626.0,1153838.0,1147778.0,1147352.0,1165933.0,1175049.0,1180019.0
South San Francisco,1049629.0,1044031.0,1041296.0,1044620.0,1047632.0,1050179.0,1050663.0,1050157.0,1054308.0,1054094.0,1058615.0,1063899.0
Spring Valley,486191.0,484639.5,484929.0,487095.5,488473.5,490494.0,492469.0,493825.5,494315.5,495512.5,497859.5,500598.0
Springville,316986.0,316177.0,315554.0,317197.0,319378.0,320976.0,319793.0,319915.0,321430.0,325165.0,325307.0,326279.0
Squaw Valley,244192.0,244989.0,247243.0,248061.0,247655.0,248580.0,250442.0,253114.0,253441.0,253836.0,253825.0,253880.0
Standish,227369.0,228103.0,228417.0,229283.0,230741.0,231681.0,231767.0,230952.0,230045.0,229513.0,229107.0,229396.0
Stanford,3126165.0,3066422.0,3026675.0,3027608.0,3019486.0,2998860.0,2984613.0,2998430.0,3030080.0,3066040.0,3097474.0,3129042.0
Stanton,514097.0,513028.0,513101.0,511967.0,512117.0,510884.0,511455.0,513011.0,517177.0,520026.0,521401.0,521310.0
Stevinson,439378.0,442024.0,447052.0,440838.0,436328.0,429503.0,425021.0,425581.0,426006.0,431710.0,433170.0,436878.0
Stinson Beach,3421125.0,3410086.0,3368456.0,3343565.0,3371081.0,3412215.0,3388705.0,3339289.0,3349139.0,3359690.0,3373971.0,3297642.0
Stockton,268004.0,267821.0,269778.0,270303.0,271400.0,272015.0,272967.0,274208.0,274668.0,274935.0,275385.0,276774.0
Stratford,176130.0,175831.0,173693.0,174782.0,177908.0,182034.0,184383.0,182476.0,179513.0,178002.0,178374.0,182553.0
Strathmore,181021.0,180761.0,180621.0,182030.0,183446.0,183718.0,182258.0,181895.0,182702.0,185595.0,186293.0,187107.0
Sugarloaf,195164.0,195235.0,194635.0,194117.0,194126.0,194337.0,194410.0,195164.0,196050.0,197626.0,198463.0,198981.0
Suisun City,404922.0,403968.0,404530.0,407615.0,409646.0,410574.0,411964.0,413269.0,415000.0,416153.0,415573.0,413714.0
Summerland,1621818.0,1598522.0,1579693.0,1566348.0,1555842.0,1548229.0,1539834.0,1540122.0,1535835.0,1531383.0,1516816.0,1502617.0
Sunnyvale,1457895.5,1432117.5,1413556.0,1404400.0,1396645.0,1382502.0,1364848.0,1348218.0,1349026.5,1350625.0,1356645.0,1357967.5
Sunol,1344782.0,1334994.0,1336311.0,1328992.0,1322258.0,1316952.0,1321666.0,1311563.0,1303908.0,1282798.0,1273563.0,1268962.0
Susanville,187074.0,186918.0,186915.0,187313.0,188221.0,188939.0,189052.0,188722.0,188537.0,188722.0,188787.0,188695.0
Sutter,301825.0,304105.0,305122.0,306847.0,309954.0,304845.0,305855.0,299724.0,302949.0,297933.0,298644.0,297428.0
Taft,129248.0,129562.0,129389.0,128026.0,127728.0,127854.0,128761.0,129292.0,129837.0,130172.0,131231.0,131912.0
Tahoe City,915845.0,920982.0,920978.0,921995.0,923952.0,926527.0,922248.0,920622.0,922645.0,927693.0,936155.0,945401.0
Tahoe Vista,559918.0,564219.0,566083.0,569028.0,571095.0,568443.0,563465.0,562044.0,564705.0,565536.0,565839.0,566575.0
Tahoma,670539.0,674304.0,675989.0,673066.0,673803.0,672384.0,669411.0,664727.0,664088.0,664826.0,667942.0,667636.0
Tehachapi,273527.0,275865.0,277296.0,277379.0,277671.0,278318.0,277738.0,277924.0,277753.0,278615.0,279493.0,280212.0
Temecula,481914.0,483378.0,485866.0,486695.0,486414.0,485821.0,485678.0,485676.0,485038.0,487048.0,487936.0,491672.0
Temple City,757414.0,753808.0,748846.0,745542.0,743678.0,743517.0,734443.0,728911.0,726597.0,733152.0,736583.0,740254.0
Templeton,630418.0,629380.0,630406.0,632539.0,638447.0,637123.0,631682.0,629719.0,632868.0,637487.0,637573.0,636882.0
Terra Bella,197601.0,197190.0,196538.0,198073.0,200276.0,202821.0,201049.0,200574.0,199922.0,203190.0,203775.0,204222.0
The Sea Ranch,1007463.0,1001419.0,995625.0,989552.0,989781.0,986097.0,976399.0,968464.0,962071.0,963787.0,957332.0,956625.0
Thermal,147069.0,146779.0,147049.0,147768.0,148036.0,148552.0,149201.0,150870.0,151559.0,151903.0,151605.0,152227.0
Thousand Oaks,700405.0,699253.0,698653.0,699597.0,699906.0,698317.0,697615.0,698382.0,700461.0,702560.0,703257.0,707681.0
Thousand Palms,235628.0,236714.0,238210.0,239628.0,240569.0,242695.0,246636.0,250033.0,251821.0,252157.0,252121.0,253194.0
Three Rivers,342517.0,344006.0,349062.0,355019.0,357648.0,358069.0,355065.0,352634.0,352246.0,355246.0,357101.0,357186.0
Tiburon,2820877.0,2818545.0,2810958.0,2786238.0,2782113.0,2787375.0,2768912.0,2725020.0,2690648.0,2681263.0,2694253.0,2697446.0
Tipton,155039.0,155438.0,155888.0,155567.0,156870.0,157526.0,157299.0,156272.0,155803.0,157853.0,158302.0,158835.0
Tollhouse,287930.0,290400.0,295557.0,298104.0,299559.0,300830.0,302596.0,307200.0,309914.0,310518.0,309015.0,307886.0
Tomales,830602.0,832425.0,835835.0,837216.0,849154.0,866598.0,876893.0,869278.0,862946.0,858219.0,863698.0,861086.0
Topanga,1314026.0,1311955.0,1307269.0,1294810.0,1286449.0,1280663.0,1268589.0,1263394.0,1260909.0,1272905.0,1276801.0,1278637.0
Torrance,812175.5,809015.0,806747.5,806121.0,806314.5,807433.5,802925.0,802189.0,803861.0,810329.0,813966.0,817526.0
Tracy,544388.0,543264.0,546478.0,546409.0,547463.0,546673.0,544852.0,542946.0,540284.0,539459.0,539207.0,541660.0
Tranquillity,195392.0,196693.0,196919.0,196033.0,194444.0,194125.0,195806.0,197181.0,197991.0,196549.0,195930.0,195164.0
Traver,164841.0,166715.0,169249.0,171735.0,172867.0,173686.0,172896.0,173361.0,174980.0,177412.0,176747.0,176244.0
Trona,70060.0,70631.0,71313.0,72662.0,72693.0,73973.0,72932.0,72580.0,71258.0,72129.0,73822.0,74467.0
Truckee,714821.0,713585.0,715633.0,723970.0,726846.0,725552.0,718338.0,715546.0,713854.0,714545.0,717205.0,721401.0
Tulare,216675.0,216315.0,215811.0,216440.0,217653.0,218557.0,218147.0,218228.0,218913.0,220586.0,220408.0,220584.0
Turlock,325808.0,326138.5,325719.0,328457.0,329681.5,330903.5,329524.0,330153.5,330364.0,332840.0,333996.0,335809.0
Tustin,741127.0,738788.0,737833.0,737598.5,738920.0,738551.0,738686.5,739462.5,744141.0,746808.5,745763.5,742961.5
Twentynine Palms,140572.0,141181.0,142170.0,143856.0,145220.0,146447.0,146888.0,147846.0,148608.0,150131.0,151266.0,152452.0
Twin Bridges,287069.0,288676.0,289682.5,289024.0,293259.0,295240.0,297680.0,295557.0,292383.5,289375.0,286430.0,282968.5
Ukiah,409926.0,411709.0,408293.0,404013.0,399321.0,398502.0,397881.0,396979.0,395871.0,394936.0,391113.0,388038.0
Union City,937916.0,934435.0,933101.0,931107.0,926603.0,921642.0,913881.0,904609.0,897602.0,894216.0,892163.0,895524.0
Upland,563584.5,564209.5,565691.0,566363.5,568202.0,568965.5,568412.0,568322.0,568610.0,570826.5,572842.5,574533.0
Upper Lake,323444.0,321812.0,318126.0,313085.0,309553.0,305126.0,300518.0,294680.0,292111.0,292381.0,292684.0,291036.0
Vacaville,471145.5,468947.0,468743.5,470863.5,472123.5,472627.0,474361.0,476158.0,477807.5,478962.0,477661.5,475488.0
Valinda,473918.0,472103.0,470171.0,470380.0,472003.0,474230.0,473014.0,472075.0,472771.0,476658.0,479628.0,482432.0
Vallejo,432189.5,430878.0,431414.5,433825.0,435689.5,436056.0,437167.5,438046.0,439365.0,440298.5,439309.5,436941.5
Valley Center,620516.0,618896.0,619259.0,620795.0,620446.0,620222.0,621593.0,622078.0,621502.0,620428.0,620730.0,621471.0
Ventura,588909.0,589623.0,590256.0,590424.0,590184.0,588120.0,584427.0,582878.0,583505.0,586435.0,586612.0,588584.0
Victorville,255416.0,256310.0,257700.0,258876.0,260542.0,261186.0,261281.0,261299.0,261718.0,262900.0,264125.0,265445.0
Villa Park,1322869.0,1327785.0,1329423.0,1322942.0,1320828.0,1314715.0,1320646.0,1330016.0,1346374.0,1357906.0,1352477.0,1342321.0
Visalia,237140.0,236557.0,235662.0,235952.0,236889.0,237146.0,235748.0,234933.0,235299.0,237239.0,237462.0,237683.0
Vista,552573.0,550414.0,550333.0,553361.0,554732.0,556381.0,558410.0,560019.0,560313.0,560815.0,563016.0,565589.0
Walnut,769528.0,763936.0,759099.0,755920.0,754919.0,755090.0,752376.0,753068.0,754506.0,757651.0,757151.0,758319.0
Walnut Creek,991933.0,987454.5,982856.5,978759.0,974835.5,969123.0,956431.0,947757.5,935815.5,938652.5,943198.0,953321.0
Walnut Grove,400070.0,398268.0,396475.0,398282.0,400327.0,402472.0,403496.0,403833.0,406255.0,407353.0,411169.0,414286.0
Warner Springs,325202.0,319864.0,314997.0,311888.0,310261.0,310036.0,314558.0,319427.0,321206.0,318824.0,317717.0,320477.0
Wasco,190544.0,192678.0,194041.0,194132.0,195137.0,196770.0,199031.0,200241.0,200921.0,200417.0,200492.0,200500.0
Waterford,281143.0,281440.0,281168.0,283168.0,283499.0,284270.0,283462.0,284180.0,284249.0,286427.0,287711.0,290009.0
Watsonville,599034.0,603472.0,604195.0,607712.0,605028.0,605095.0,603954.0,601449.0,600769.0,601812.0,602279.0,602912.0
Weldon,125602.0,126088.0,125329.0,124813.0,124425.0,124693.0,123022.0,122258.0,122364.0,124827.0,127125.0,128538.0
West Carson,518656.0,517853.0,517543.0,518099.0,518669.0,519963.0,518599.0,519537.0,520792.0,524191.0,526905.0,530018.0
West Covina,553055.0,550679.0,548832.0,547955.0,547731.0,547792.0,545208.0,544185.0,544333.0,547789.0,550543.0,554015.0
West Hollywood,1099585.0,1096613.0,1094531.0,1094532.0,1097856.0,1101603.0,1088850.0,1083495.0,1079679.0,1092197.0,1095540.0,1099643.0
West Sacramento,351655.0,350106.5,352174.0,355999.0,358537.0,358392.0,358146.0,358896.0,358730.0,355660.5,352493.0,352038.5
Westlake Village,1075736.0,1074742.0,1074733.0,1076783.0,1077409.0,1076373.0,1068507.0,1067109.0,1068955.0,1075806.0,1078570.0,1083324.0
Westminster,679908.0,677644.0,677925.0,678175.0,680164.0,679797.0,681010.0,683007.0,688805.0,693213.0,695253.0,695793.0
Wheatland,313761.0,316344.0,317889.0,318117.0,317988.0,320063.0,322227.0,323932.0,323823.0,324373.0,326699.0,329159.0
White Water,215916.0,216641.0,217614.0,219213.0,220750.0,222650.0,224953.0,227075.0,228487.0,230015.0,231554.0,234559.0
Whitethorn,345433.0,344283.0,341917.0,341893.0,336764.0,333000.0,326516.0,324792.0,322391.0,321265.0,322997.0,326235.0
Whitmore,311798.0,314613.0,315054.0,314664.0,315829.0,320125.0,321189.0,320299.0,318628.0,318564.0,318654.0,318727.0
Whittier,556944.5,554562.0,552429.0,551696.0,552253.5,553728.5,551855.0,551748.0,552435.0,556559.0,558927.5,562026.5
Wildomar,409219.0,409974.0,412108.0,413321.0,413757.0,413552.0,413693.0,413753.0,413385.0,414704.0,415488.0,418265.0
Willits,310824.0,312474.0,310448.0,307426.0,304065.0,303802.0,303412.0,302524.0,300954.0,299821.0,296632.0,294611.0
Willow Creek,298318.0,294984.0,291658.0,290391.0,289370.0,286290.0,287323.0,288742.0,293872.0,294478.0,294916.0,295315.0
Willowbrook,395016.0,395100.0,395851.0,397343.0,399924.0,402055.0,402335.0,403467.0,406418.0,410685.0,414549.0,417235.0
Wilton,650329.0,648964.0,648092.0,652440.0,657568.0,662300.0,663957.0,662611.0,662166.0,661666.0,665312.0,668615.0
Winchester,433108.0,434623.0,436630.0,437797.0,437892.0,437685.0,437376.0,436989.0,436161.0,438242.0,439404.0,443370.0
Windsor,637939.0,632503.0,628289.0,624215.0,624314.0,626986.0,628959.0,628891.0,627176.0,627008.0,623895.0,623047.0
Winters,450361.0,448372.0,450536.0,456441.0,459165.0,459153.0,458321.0,460469.0,460759.0,459622.0,458168.0,458471.0
Winton,216925.0,216770.0,217597.0,219338.0,221435.0,222792.0,222783.0,223282.0,223532.0,224275.0,224183.0,224331.0
Wofford Heights,142321.0,143429.0,143983.0,143802.0,144092.0,144457.0,143003.0,141800.0,141206.0,142610.0,144042.0,145235.0
Woodacre,870348.0,871639.0,879456.0,881547.0,885333.0,886225.0,885635.0,878268.0,872865.0,862976.0,860333.0,858175.0
Woodbridge,425114.0,422283.0,422582.0,422075.0,422855.0,423543.0,423997.0,424728.0,424140.0,423447.0,422860.0,424802.0
Woodlake,186907.0,187346.0,187750.0,188957.0,190330.0,191061.0,190324.0,190533.0,192190.0,195580.0,196760.0,197503.0
Woodland,386131.0,384280.0,386141.0,389661.0,390866.0,389652.0,388225.0,389577.0,389950.0,387370.0,384277.0,383336.0
Wrightwood,300918.0,300947.0,301443.0,301473.0,300854.0,300787.0,300397.0,301044.0,301135.0,301892.0,303189.0,304159.0
Yorba Linda,868860.0,866031.5,864516.0,862516.5,862329.0,860852.5,861334.0,863801.5,870117.0,874101.0,873487.5,871073.5
Yuba City,308058.0,308632.5,308799.0,309392.5,311117.5,312984.5,314223.5,316528.5,320407.5,323353.0,323803.5,322349.5
Yucaipa,374727.0,375415.0,376162.0,376027.0,376771.0,377059.0,376429.0,376573.0,376940.0,378862.0,380527.0,381918.0
Yucca Valley,216029.0,217773.0,219045.0,220398.0,222348.0,223739.0,224114.0,224446.0,225554.0,227254.0,228602.0,229301.0
