,city,population,violentcrime,murder,rape,robbery,aggassault,propertycrime,burglary,theft,vehicletheft,arson,firecount,jan,feb,mar,apr,may,jun,jul,aug,sep,oct,nov,dec,yearly median
0,Hanford,57232,257,0,18,40,199,1242,131,900,211,15,10,208144.0,208886.5,208928.5,208596.0,209062.5,209226.0,209146.0,208906.5,209243.5,209646.0,210756.5,213125.5,209104.25
1,Redlands,71941,257,1,40,70,146,2108,330,1534,244,20,3,429388.0,428339.5,428394.0,428854.5,430418.5,430988.5,431227.0,433337.5,435738.0,438494.0,439358.5,440008.5,431107.75
2,Glendale,202601,231,5,16,93,117,3305,480,2562,263,13,277,854487.0,852139.0,849620.5,848568.5,849746.0,852006.0,848913.0,848468.0,850573.0,857070.0,860846.0,865203.0,851289.5
3,San Bernardino,216715,2858,46,140,906,1766,9081,2029,4974,2078,75,22,266930.0,268016.0,269785.0,271124.0,272944.0,273867.0,274452.0,275822.0,277041.0,278795.0,279903.0,281112.0,274159.5
4,Grass Valley,12919,73,3,0,6,64,463,76,326,61,1,7,400377.0,399443.5,400544.5,405139.0,406816.5,405919.0,402539.5,400859.5,399217.0,398306.5,398893.5,401141.5,400702.0
5,San Clemente,65018,87,1,3,29,54,918,160,700,58,4,25,1025212.5,1023399.0,1024563.5,1026832.0,1030890.0,1031889.0,1035573.5,1038347.5,1044498.0,1046669.5,1043087.5,1039332.0,1033731.25
6,San Luis Obispo,47735,192,0,44,34,114,1738,277,1387,74,25,4,731859.0,731766.0,736393.0,739308.0,743372.0,741471.0,734373.0,733805.0,735289.0,740057.0,739555.0,739474.0,737850.5
7,Fremont,240887,400,1,36,159,204,4523,547,3408,568,17,3,1107787.5,1103822.5,1103707.5,1098956.5,1090527.0,1080254.0,1073585.5,1065582.5,1060474.0,1054337.0,1049268.0,1049423.0,1076919.75
8,Modesto,216542,1758,13,94,399,1252,7183,1149,4849,1185,95,43,286730.0,287242.0,286789.0,289319.0,290254.0,291741.0,290716.5,291209.5,291389.0,293734.5,295003.5,296914.0,290963.0
9,Santa Monica,91621,664,3,40,247,374,3964,577,3143,244,19,1,1435645.0,1424881.0,1410872.0,1404153.0,1407314.0,1412127.0,1389853.0,1376021.0,1370802.0,1392114.0,1400247.0,1408692.0,1405733.5
10,Whittier,86158,213,1,27,93,92,1901,318,1278,305,7,11,556944.5,554562.0,552429.0,551696.0,552253.5,553728.5,551855.0,551748.0,552435.0,556559.0,558927.5,562026.5,553081.75
11,Salinas,156943,782,8,66,241,467,3532,742,1709,1081,26,16,564309.0,568495.0,569684.0,572095.0,571284.5,569809.5,567391.0,566372.5,565821.5,567389.5,569191.0,571015.5,568843.0
12,Paradise,26879,22,0,5,1,16,202,83,51,68,1,7,264523.0,270306.0,275847.0,281341.0,285601.0,287125.0,289195.0,288444.0,286716.0,283523.0,283955.0,284807.0,284381.0
13,Pittsburg,73637,446,7,41,157,241,1660,256,983,421,19,211,589462.0,586794.0,581009.0,573982.0,571342.0,569497.0,572783.0,575204.0,579866.0,580378.0,582957.0,586777.0,580122.0
14,Eureka,26973,195,3,29,63,100,1350,187,977,186,24,1,312977.0,313485.0,313459.0,314137.0,314942.0,316131.0,314860.0,315011.0,314801.0,316692.0,317466.0,318099.0,314901.0
15,Parlier,15384,62,0,2,9,51,179,24,106,49,7,93,186999.0,188436.0,190894.0,193123.0,193730.0,194697.0,196322.0,198746.0,199385.0,200232.0,200682.0,201359.0,195509.5
16,Dixon,20775,54,0,4,14,36,389,35,284,70,3,11,445360.0,444408.0,444830.0,447458.0,449125.0,450667.0,452618.0,454309.0,454619.0,454818.0,452646.0,449804.0,450235.5
17,Richmond,110988,1034,16,36,307,675,4188,469,2480,1239,36,214,591677.0,593940.5,592961.0,591876.0,592845.5,593007.5,590630.5,585908.5,582538.5,582388.0,583082.5,584552.0,591153.75
18,Oxnard,211349,724,13,62,275,374,4242,670,2987,585,48,9,514238.0,514893.5,515967.5,517862.0,519488.5,519338.0,519394.0,520013.0,521985.5,524541.5,525647.0,529144.0,519441.25
19,Santa Barbara,91717,400,2,72,82,244,2118,254,1686,178,15,143,1187735.5,1186698.5,1181084.0,1176348.0,1171214.0,1169865.0,1162422.5,1164139.0,1161236.5,1168487.5,1168901.0,1174691.0,1170539.5
20,Lakewood,80151,222,0,20,104,98,1846,303,1354,189,3,2,584103.0,581284.0,578308.0,577347.0,577503.0,578877.0,577589.0,577872.0,579554.0,583656.0,586990.0,590569.0,579215.5
21,Diamond Bar,56364,72,1,4,25,42,908,282,574,52,2,1,692646.0,688558.0,684564.0,681461.0,680944.0,681608.0,679681.0,679287.0,679614.0,682732.0,683422.0,685165.0,682170.0
22,Atascadero,30579,65,0,7,7,51,493,96,360,37,3,2,530331.0,528864.0,529728.0,532875.0,539641.0,540301.0,536573.0,535303.0,537255.0,540689.0,540728.0,540032.0,536914.0
23,Morgan Hill,46118,52,2,3,14,33,703,102,507,94,0,91,966732.0,954195.0,947796.0,948410.0,947161.0,941957.0,939076.0,938128.0,946219.0,948195.0,951892.0,952589.0,947995.5
24,San Jose,1040008,4559,32,671,1339,2517,25164,4114,14924,6126,135,180,1035629.0,1020952.0,1002734.0,989698.0,996572.0,984679.0,976057.0,972386.0,981577.0,983345.0,986209.0,987595.0,986902.0
25,Lemoore,26728,126,1,17,14,94,372,71,264,37,6,11,254086.0,254617.0,254684.0,254696.0,255381.0,255801.0,255066.0,254081.0,253395.0,253599.0,254671.0,257188.0,254677.5
26,Cotati,7641,40,1,6,5,28,95,15,68,12,1,20,580157.0,576160.0,573400.0,569899.0,570653.0,573481.0,573288.0,572036.0,569130.0,569508.0,566414.0,564821.0,571344.5
27,Shafter,20456,53,0,3,9,41,513,127,298,88,8,44,209110.0,211172.0,212391.0,212430.0,213415.0,215637.0,218403.0,220434.0,221431.0,221426.0,222172.0,222713.0,217020.0
28,Chula Vista,275230,904,3,61,265,575,3816,486,2503,827,36,87,524695.0,522563.0,521645.0,523547.0,524974.0,526978.0,529808.0,531815.0,532154.0,533049.0,535289.0,538399.0,528393.0
29,Windsor,27981,58,0,8,8,42,257,30,212,15,0,146,637939.0,632503.0,628289.0,624215.0,624314.0,626986.0,628959.0,628891.0,627176.0,627008.0,623895.0,623047.0,627092.0
30,Anderson,10545,61,1,5,12,43,363,63,208,92,1,15,235226.0,237310.0,238064.0,238224.0,239175.0,242032.0,243398.0,243848.0,244224.0,245203.0,246216.0,246892.0,242715.0
31,Rocklin,68554,67,0,22,13,32,983,168,738,77,6,3,490310.0,493128.5,493784.0,494265.0,495698.0,495894.5,494678.0,494164.5,495632.5,497016.5,498826.0,501458.5,495155.25
32,Healdsburg,12208,17,1,1,3,12,176,17,142,17,0,269,865916.0,856620.0,851854.0,852628.0,860060.0,865862.0,863916.0,862707.0,857095.0,855885.0,847401.0,840780.0,856857.5
33,Pomona,152776,940,12,101,342,485,4208,816,2529,863,15,42,441417.0,440646.0,439971.0,440638.0,442258.0,444937.0,445113.0,445747.0,447267.0,450598.0,453787.0,457239.0,445025.0
34,Brawley,26379,121,2,4,8,107,618,95,468,55,15,39,210539.0,210017.0,210487.0,212318.0,214339.0,217327.0,219267.0,220085.0,219082.0,218760.0,219107.0,220695.0,218043.5
35,Lodi,67612,237,3,16,88,130,1658,358,1016,284,15,40,398244.0,400368.0,401503.0,400953.0,398659.0,398386.0,397849.0,399772.0,398238.0,394134.0,388425.0,388174.0,398315.0
36,Cloverdale,8910,16,0,1,0,15,116,25,87,4,1,223,559937.0,556734.0,553618.0,550759.0,549965.0,551185.0,551218.0,549920.0,547612.0,547934.0,545049.0,544317.0,550362.0
37,Suisun City,29922,114,0,11,35,68,664,69,479,116,11,62,404922.0,403968.0,404530.0,407615.0,409646.0,410574.0,411964.0,413269.0,415000.0,416153.0,415573.0,413714.0,411269.0
38,Napa,79526,280,1,66,55,158,1232,248,847,137,46,5,719857.0,723871.0,723825.0,721348.0,721049.0,718806.0,714675.0,709056.0,708437.0,710702.0,712443.0,711629.0,716740.5
39,Livermore,91418,193,2,30,39,122,1554,139,1279,136,4,18,804619.5,799473.0,798861.5,798845.5,797097.0,795885.0,794289.0,792643.5,791489.5,790810.0,790252.5,793491.5,795087.0
40,Truckee,16611,31,0,3,4,24,114,36,66,12,1,26,714821.0,713585.0,715633.0,723970.0,726846.0,725552.0,718338.0,715546.0,713854.0,714545.0,717205.0,721401.0,716419.0
41,Clovis,114170,243,0,54,32,157,2276,307,1810,159,6,1,380462.0,381169.0,382794.0,383078.5,381933.0,381412.0,382458.0,384100.5,384083.5,384732.5,384896.5,385460.5,382936.25
42,Woodland,61176,224,3,18,44,159,1488,231,1062,195,52,60,386131.0,384280.0,386141.0,389661.0,390866.0,389652.0,388225.0,389577.0,389950.0,387370.0,384277.0,383336.0,387797.5
43,Soledad,26015,53,0,4,14,35,136,24,83,29,5,3,404593.0,408117.0,410031.0,410707.0,409880.0,411373.0,412150.0,412692.0,411859.0,412035.0,412813.0,413785.0,411616.0
44,Camarillo,69628,58,0,22,16,20,817,100,676,41,2,2,617040.5,615959.5,615747.5,616927.0,617523.5,615931.5,613434.5,613296.5,614979.0,617640.5,618192.5,620667.5,616443.25
45,Gustine,5896,21,0,2,4,15,116,32,54,30,3,6,288534.0,287742.0,287789.0,289921.0,292711.0,294207.0,294161.0,294348.0,294295.0,294387.0,294332.0,294708.0,294184.0
46,San Diego,1441737,5215,50,561,1346,3258,27141,3543,18426,5172,122,37,622241.0,619224.0,618753.0,622508.0,624702.0,625677.0,627345.0,629137.0,629239.0,629472.0,630810.0,632643.0,626511.0
47,La Quinta,42044,68,5,5,17,41,1032,158,809,65,1,17,460060.0,461338.0,463229.0,463767.0,463738.0,463956.0,466191.0,468287.0,469406.0,470749.0,470457.0,472527.0,465073.5
48,Lafayette,26872,4,0,1,3,0,358,42,286,30,0,1,1299510.0,1292285.0,1284296.0,1282915.0,1283004.0,1286567.0,1286138.0,1287472.0,1284871.0,1288943.0,1298875.0,1309479.0,1287019.5
49,Sanger,25443,156,0,9,15,132,304,59,178,67,0,13,266447.0,267197.0,268838.0,269425.0,268577.0,268238.0,269038.0,270566.0,270631.0,271161.0,271681.0,272520.0,269231.5
50,Dublin,66072,107,0,7,43,57,1259,114,1052,93,3,10,966313.0,960486.0,959444.0,959260.0,957218.0,954548.0,952571.0,949093.0,947247.0,945741.0,944960.0,947774.0,953559.5
51,Lakeport,4959,34,0,3,7,24,160,29,110,21,0,9,292164.0,290885.0,289092.0,286681.0,285624.0,281201.0,277617.0,273979.0,274875.0,275421.0,276460.0,276377.0,279409.0
52,San Mateo,106020,266,2,45,68,151,2217,516,1523,178,9,1,1595204.0,1585478.0,1580351.0,1580905.0,1581518.0,1572406.0,1565605.0,1552838.0,1556175.0,1551117.0,1552558.0,1553591.0,1569005.5
53,Rohnert Park,44131,267,0,28,28,211,786,93,615,78,8,1,563622.0,558957.0,555791.0,552951.0,554426.0,557973.0,560189.0,559289.0,557060.0,556765.0,554368.0,553835.0,556912.5
54,Hesperia,95915,462,8,35,111,308,1664,443,893,328,17,3,291725.0,292471.5,293619.0,294517.5,295825.0,296484.5,296699.0,296824.0,297007.0,297957.0,299078.0,300250.5,296591.75
55,Fort Bragg,7366,32,0,5,7,20,316,38,262,16,1,3,447381.0,448848.0,445620.0,441328.0,436816.0,435663.0,433382.0,430176.0,427404.0,426014.0,422227.0,419302.0,434522.5
56,Ukiah,16197,110,1,9,24,76,298,117,147,34,23,45,409926.0,411709.0,408293.0,404013.0,399321.0,398502.0,397881.0,396979.0,395871.0,394936.0,391113.0,388038.0,398191.5
57,Santa Cruz,65263,389,0,29,88,272,2932,348,2363,221,34,3,937183.5,942390.0,938751.0,941473.5,934032.0,932291.5,927521.5,921461.0,919584.0,921357.5,921414.0,919781.5,929906.5
58,Pleasanton,84017,112,0,12,56,44,1632,149,1386,97,4,1,1182741.5,1175936.5,1175095.0,1173718.5,1168427.5,1162468.0,1160050.0,1155701.5,1153125.0,1146817.5,1143056.5,1144781.0,1161259.0
59,Victorville,123089,988,5,45,255,683,2271,590,1061,620,21,366,255416.0,256310.0,257700.0,258876.0,260542.0,261186.0,261281.0,261299.0,261718.0,262900.0,264125.0,265445.0,261233.5
60,Auburn,14201,50,0,8,5,37,237,72,146,19,5,1,471021.0,473889.5,476833.5,479956.5,482531.0,482334.0,479290.5,477124.0,476668.5,477512.0,478303.0,480520.0,477907.5
61,Perris,80500,262,4,6,97,155,2071,268,1248,555,5,7,341174.0,342707.0,345078.0,346784.0,347969.0,348761.0,350616.0,351512.0,351994.0,352387.0,352759.0,354760.0,349688.5
62,Livingston,14607,40,0,1,11,28,315,85,164,66,0,29,268017.0,267533.0,266893.0,268415.0,270196.0,272174.0,272704.0,273289.0,272933.0,272418.0,271733.0,271055.0,271394.0
63,Walnut Creek,70546,120,0,6,40,74,2496,307,2034,155,4,1,991933.0,987454.5,982856.5,978759.0,974835.5,969123.0,956431.0,947757.5,935815.5,938652.5,943198.0,953321.0,962777.0
64,Monterey Park,60424,126,0,7,59,60,1355,267,929,159,0,51,647503.5,645182.5,642135.0,640268.0,639553.5,641120.5,638901.5,640296.0,642417.5,647262.0,648812.0,650454.0,642276.25
65,Susanville,14878,196,0,7,10,179,207,45,157,5,0,60,187074.0,186918.0,186915.0,187313.0,188221.0,188939.0,189052.0,188722.0,188537.0,188722.0,188787.0,188695.0,188616.0
66,Adelanto,34491,276,1,20,42,213,459,136,209,114,14,1,233445.0,234638.0,235892.0,236498.0,237585.0,237840.0,237916.0,237594.0,237711.0,238727.0,240068.0,241286.0,237652.5
67,Calistoga,5341,6,0,0,0,6,70,7,54,9,0,494,975926.0,981550.0,988313.0,989976.0,996271.0,992321.0,979068.0,962413.0,954679.0,952581.0,944093.0,934310.0,977497.0
68,Anaheim,353915,1120,8,141,396,575,8258,1123,5904,1231,44,2,593209.0,591540.0,591681.0,592232.0,594492.0,594921.0,596519.0,598558.0,603368.0,606731.0,608432.0,608804.0,595720.0
69,South El Monte,20852,102,1,11,32,58,500,132,254,114,3,40,506726.0,503437.0,501137.0,500719.0,501550.0,502825.0,499210.0,497413.0,496935.0,500521.0,502900.0,505446.0,501343.5
70,Moreno Valley,210979,847,15,19,290,523,5534,966,3489,1079,9,18,335749.0,337237.5,339295.0,340522.5,341073.0,341612.5,342307.5,342906.5,342622.0,344364.5,345323.0,348484.0,341960.0
71,Lincoln,48625,32,0,4,4,24,468,78,351,39,2,4,479242.0,481222.0,481808.0,483293.0,485652.0,487175.0,487531.0,488748.0,491232.0,492771.0,494560.0,496890.0,487353.0
72,Ceres,49134,209,1,12,59,137,1158,239,628,291,20,16,303401.0,304365.0,304221.0,306717.0,308076.0,309296.0,308392.0,308592.0,308801.0,311200.0,312511.0,314179.0,308492.0
73,Arvin,21811,196,3,3,16,174,437,115,178,144,16,43,177484.0,178916.0,179275.0,179005.0,179347.0,180433.0,180770.0,181092.0,181459.0,182402.0,183703.0,184674.0,180601.5
74,Blythe,19889,92,0,7,29,56,644,177,434,33,44,47,145719.0,146397.0,146887.0,148269.0,149200.0,150260.0,151771.0,153202.0,154277.0,153882.0,152882.0,152862.0,151015.5
75,Woodlake,7682,28,0,4,2,22,88,14,61,13,0,6,186907.0,187346.0,187750.0,188957.0,190330.0,191061.0,190324.0,190533.0,192190.0,195580.0,196760.0,197503.0,190431.5
76,Yuba City,67164,241,3,28,52,158,1823,230,1334,259,7,247,308058.0,308632.5,308799.0,309392.5,311117.5,312984.5,314223.5,316528.5,320407.5,323353.0,323803.5,322349.5,313604.0
77,Long Beach,467974,2369,34,249,958,1128,11297,2185,6754,2358,153,205,539288.0,535704.0,533054.0,533860.0,536608.0,539786.0,537197.0,537188.0,539749.0,546833.0,552037.0,555986.0,538242.5
78,Vista,102227,354,2,38,93,221,1438,251,945,242,6,1,552573.0,550414.0,550333.0,553361.0,554732.0,556381.0,558410.0,560019.0,560313.0,560815.0,563016.0,565589.0,557395.5
79,Los Banos,40607,143,2,12,36,93,886,231,506,149,5,13,317428.0,317356.0,317451.0,319804.0,322610.0,324888.0,324662.0,324328.0,323486.0,323684.0,323222.0,323354.0,323288.0
80,Wheatland,3940,6,0,0,1,5,43,8,26,9,0,6,313761.0,316344.0,317889.0,318117.0,317988.0,320063.0,322227.0,323932.0,323823.0,324373.0,326699.0,329159.0,321145.0
81,Azusa,50405,144,5,17,46,76,959,174,646,139,12,13,475442.0,473370.0,471544.0,471366.0,472188.0,473535.0,472409.0,472123.0,473128.0,475650.0,477931.0,480406.0,473249.0
82,Imperial,18090,5,0,0,1,4,56,10,36,10,0,25,259407.0,258581.0,258497.0,260085.0,261607.0,262963.0,263164.0,262698.0,261342.0,261213.0,262299.0,264708.0,261474.5
83,Santa Paula,30098,91,2,6,21,62,404,103,272,29,3,24,448922.0,450932.0,452404.0,454442.0,456849.0,457593.0,458285.0,458747.0,460057.0,461720.0,461614.0,463727.0,457939.0
84,Firebaugh,8433,11,0,2,2,7,103,15,51,37,0,65,192544.0,192874.5,194606.0,196615.0,197625.5,197300.0,197522.0,196726.5,195340.5,196183.0,198241.0,201752.5,196670.75
85,Novato,56134,148,0,6,26,116,890,102,711,77,3,42,876060.0,878433.0,881159.0,879724.0,878501.0,877288.0,873258.0,865556.0,858419.0,853593.0,852669.0,850942.0,874659.0
86,Oceanside,177129,712,4,97,163,448,3736,426,2858,452,23,38,510457.0,508426.5,508207.5,511531.0,513556.0,515599.0,517422.0,518510.5,518619.0,519199.5,521863.5,524772.5,516510.5
87,Duarte,21550,55,0,2,10,43,305,48,215,42,1,26,530357.0,528611.0,526149.0,525876.0,527103.0,529000.0,527524.0,527905.0,530245.0,535959.0,539481.0,542784.0,528805.5
88,Red Bluff,14308,133,1,26,14,92,787,205,467,115,21,402,242097.0,242774.0,244041.0,246488.0,248760.0,250418.0,251229.0,252289.0,254223.0,256609.0,259029.0,261178.0,250823.5
89,Rialto,103965,595,8,65,185,337,3149,403,2179,567,16,3,373117.5,374173.0,375733.0,376767.5,378386.5,379229.5,379243.5,379998.0,380830.5,382837.5,384533.0,386455.0,379236.5
90,Sunnyvale,154859,259,0,37,84,138,3380,458,2598,324,32,1,1457895.5,1432117.5,1413556.0,1404400.0,1396645.0,1382502.0,1364848.0,1348218.0,1349026.5,1350625.0,1356645.0,1357967.5,1373675.0
91,Oakley,43014,51,0,7,17,27,497,74,336,87,3,139,545124.0,543586.0,539542.0,538177.0,538756.0,540458.0,543666.0,547183.0,549515.0,549949.0,550310.0,553438.0,544395.0
92,San Marcos,98598,193,0,17,46,130,955,163,649,143,3,4,592607.0,590189.5,589602.5,592418.0,593857.0,595399.5,596980.0,598324.5,598585.0,599098.0,600960.5,602515.5,596189.75
93,Hemet,86082,343,5,23,121,194,2877,757,1547,573,21,14,278150.0,279437.0,281209.0,281981.0,282106.0,282122.0,282750.0,283648.0,283924.0,285075.0,285651.0,287908.0,282436.0
94,Bakersfield,388080,1766,34,116,701,915,16074,3888,9277,2909,470,181,211842.0,213074.0,213963.0,214129.0,215076.0,216220.0,217011.0,218095.0,218762.0,219399.0,220085.0,220770.0,216615.5
95,Rancho Cordova,75869,225,5,12,56,152,1422,233,1004,185,4,1,343491.0,343378.0,343153.0,344751.0,346797.0,348261.0,348597.0,348042.0,348683.0,349769.0,353503.0,356967.0,348151.5
96,Coalinga,16356,41,0,2,4,35,217,38,159,20,4,47,184500.0,186193.0,187563.0,187386.0,185628.0,184729.0,186302.0,188580.0,189742.0,189550.0,188968.0,188643.0,187474.5
97,Milpitas,82344,102,2,15,48,37,2193,201,1791,201,2,2,1083199.0,1067889.0,1056120.0,1051118.0,1044653.0,1035546.0,1028578.0,1023625.0,1029770.0,1028084.0,1030109.0,1030751.0,1033148.5
98,Atwater,29632,206,1,10,22,173,1031,140,708,183,0,19,269529.0,268734.0,267933.0,268961.0,270045.0,270494.0,269679.0,269288.0,268997.0,269470.0,269385.0,269440.0,269412.5
99,Ontario,183322,659,10,85,223,341,4290,710,2652,928,31,19,429020.0,430207.0,431983.0,433306.0,435097.0,435897.0,435705.0,436600.0,437443.0,439427.0,440681.0,442129.0,435801.0
100,Tracy,92895,166,5,35,62,64,1843,156,1411,276,14,123,544388.0,543264.0,546478.0,546409.0,547463.0,546673.0,544852.0,542946.0,540284.0,539459.0,539207.0,541660.0,543826.0
101,Union City,75202,277,2,8,79,188,1718,192,1300,226,9,1,937916.0,934435.0,933101.0,931107.0,926603.0,921642.0,913881.0,904609.0,897602.0,894216.0,892163.0,895524.0,917761.5
102,Reedley,25740,117,1,7,12,97,235,69,117,49,5,48,234030.0,234821.0,236397.0,237152.0,237400.0,237473.0,238648.0,240066.0,240775.0,241546.0,241520.0,241799.0,238060.5
103,West Covina,106335,260,6,21,129,104,2369,354,1660,355,15,7,553055.0,550679.0,548832.0,547955.0,547731.0,547792.0,545208.0,544185.0,544333.0,547789.0,550543.0,554015.0,547873.5
104,Murrieta,116413,77,3,19,26,29,1512,206,1080,226,4,29,437408.5,438888.5,441327.0,442138.5,441907.0,441465.0,441378.0,441160.5,440420.5,442080.5,442757.0,446036.5,441421.5
105,Oroville,19268,122,2,24,30,66,822,176,435,211,19,34,222469.5,229189.5,234357.0,237954.0,240451.5,243275.0,247360.5,250865.5,253408.0,253985.0,255384.0,255451.0,245317.75
106,Palmdale,157138,658,8,55,194,401,2230,447,1384,399,17,24,301616.0,301443.0,301451.0,301844.5,302919.0,304463.0,304820.5,305670.0,306884.0,308827.0,310080.0,311503.0,304641.75
107,Davis,69767,107,2,21,44,40,2190,274,1816,100,4,13,673222.5,669666.5,673093.0,679192.5,680893.5,678939.5,677457.0,681000.0,682574.0,678550.0,671930.5,668454.5,678003.5
108,South San Francisco,68251,166,2,19,64,81,1484,230,1074,180,7,1,1049629.0,1044031.0,1041296.0,1044620.0,1047632.0,1050179.0,1050663.0,1050157.0,1054308.0,1054094.0,1058615.0,1063899.0,1050168.0
109,Apple Valley,74051,339,4,19,68,248,1105,230,660,215,11,290,261514.5,262034.5,262776.5,263198.0,264414.0,265199.5,265585.5,265895.0,266079.0,267097.5,268185.0,269286.5,265392.5
110,Stockton,313604,4380,34,181,1158,3007,12367,2209,8480,1678,128,138,268004.0,267821.0,269778.0,270303.0,271400.0,272015.0,272967.0,274208.0,274668.0,274935.0,275385.0,276774.0,272491.0
111,Covina,47985,171,2,25,43,101,1189,239,779,171,11,15,540544.0,538241.0,536121.0,536306.0,537058.0,538374.0,535841.0,535315.0,536169.0,539698.0,542420.0,545216.0,537649.5
112,Winters,7374,11,0,0,1,10,115,19,81,15,3,22,450361.0,448372.0,450536.0,456441.0,459165.0,459153.0,458321.0,460469.0,460759.0,459622.0,458168.0,458471.0,458396.0
113,Ripon,16103,13,0,6,4,3,248,23,206,19,0,10,472116.0,470920.0,473743.0,473808.0,475521.0,474938.0,473917.0,472641.0,471291.0,471580.0,472651.0,475507.0,473197.0
114,Lindsay,13708,69,0,5,13,51,250,48,119,83,8,22,190205.0,189749.0,189402.0,190482.0,192185.0,193059.0,192067.0,191646.0,192404.0,195067.0,195860.0,196463.0,192126.0
115,Cupertino,60357,55,1,6,14,34,1018,175,803,40,1,121,2247384.0,2210170.0,2184472.0,2173771.0,2164277.0,2147679.0,2127594.0,2111827.0,2115674.0,2116127.0,2119792.0,2122713.0,2137636.5
116,Chino,93348,329,3,35,96,195,2224,376,1649,199,5,1,493973.0,493647.0,493480.5,493264.5,493838.0,493881.0,492476.0,491851.5,491392.5,492901.0,494515.5,496294.0,493563.75
117,Buellton,5142,3,0,0,0,3,54,15,31,8,0,11,576565.0,578130.0,578613.0,580333.0,580623.0,582092.0,582899.0,587282.0,592053.0,598623.0,601570.0,605054.0,582495.5
118,Rio Vista,9502,11,0,2,3,6,140,31,87,22,0,3,387850.0,385656.0,385282.0,387453.0,388719.0,389310.0,390542.0,391528.0,392063.0,392187.0,391329.0,389806.0,389558.0
119,Madera,66250,334,2,32,77,223,1301,235,824,242,10,198,258219.0,258185.0,257869.0,257210.0,257937.0,259225.0,259861.0,260276.0,261204.0,262208.0,263726.0,265705.0,259543.0
120,Goleta,30930,40,0,2,6,32,509,114,355,40,0,2,858836.0,859529.0,853440.0,851142.0,849092.0,851840.0,850624.0,851025.0,850048.0,854473.0,858036.0,864092.0,852640.0
121,Concord,130615,541,2,67,234,238,4560,434,3512,614,23,148,552900.5,550965.0,547498.0,545972.5,546371.0,544575.5,543954.0,543079.5,546001.5,549829.0,554051.0,557687.5,546934.5
122,Carpinteria,13514,11,1,0,3,7,155,19,116,20,0,1,938513.0,940954.0,934706.0,932307.0,928815.0,933719.0,930479.0,929834.0,926265.0,928367.0,929505.0,932913.0,931393.0
123,Lake Elsinore,70262,173,3,3,43,124,2005,233,1409,363,4,8,353968.0,355225.0,356922.0,357836.0,358322.0,358365.0,358419.0,358344.0,357769.0,358870.0,359525.0,362372.0,358333.0
124,Exeter,10557,26,0,5,5,16,265,52,188,25,1,11,234854.0,234748.0,234556.0,235428.0,236501.0,237231.0,235817.0,235168.0,235285.0,237518.0,237365.0,237531.0,235622.5
125,Chowchilla,18792,39,0,2,3,34,234,71,109,54,7,90,247407.0,248355.0,248696.0,248969.0,250222.0,252002.0,253384.0,254898.0,256863.0,258078.0,259825.0,262320.0,252693.0
126,King City,14170,19,0,3,9,7,148,43,80,25,10,19,330086.0,333361.0,335138.0,334658.0,333417.0,333128.0,333629.0,334362.0,334471.0,335042.0,336066.0,336988.0,334416.5
127,Jurupa Valley,110111,317,6,7,86,218,2494,406,1346,742,8,22,456502.5,458066.5,459993.5,460377.0,459757.5,459247.5,460170.5,460887.5,461109.5,463142.5,464262.0,468177.0,460273.75
128,La Canada Flintridge,20223,15,0,2,6,7,323,114,198,11,0,1,1737718.0,1731616.0,1727696.0,1727142.0,1726804.0,1729452.0,1695313.0,1674717.0,1657496.0,1680375.0,1691082.0,1703243.0,1715023.5
129,Fontana,215883,739,6,83,206,444,3094,483,1846,765,9,135,382633.0,383293.0,384887.0,386221.0,388295.0,389152.0,388301.0,388211.0,388500.0,390786.0,392878.0,395194.0,388298.0
130,Lompoc,42818,291,7,29,32,223,1057,238,583,236,18,1,360466.0,360790.0,359443.0,358374.0,357557.0,358409.0,358212.0,358845.0,358632.0,360521.0,361648.0,364112.0,359144.0
131,Corning,7537,28,0,6,4,18,211,51,127,33,1,52,232677.0,233633.0,235228.0,237340.0,239473.0,240853.0,241412.0,241911.0,243135.0,245075.0,246881.0,248457.0,241132.5
132,Isleton,849,7,1,0,0,6,4,1,2,1,0,11,295750.0,295647.0,295765.0,299368.0,302845.0,305697.0,307431.0,309156.0,311064.0,312011.0,314593.0,318339.0,306564.0
133,Guadalupe,7696,15,0,2,3,10,82,32,34,16,2,1,356136.0,357577.0,358055.0,359620.0,358882.0,359804.0,357076.0,356251.0,354645.0,357097.0,358642.0,361900.0,357816.0
134,San Jacinto,49452,108,2,1,68,37,1637,334,1018,285,5,10,292409.5,293577.5,295325.0,296532.5,297210.0,297621.5,298096.5,298719.0,298739.5,300260.5,300970.0,303570.0,297859.0
135,Berkeley,122788,618,0,74,369,175,6256,771,4993,492,17,1,1186389.5,1182330.5,1181975.5,1183287.5,1180747.5,1186037.0,1198596.0,1212059.5,1225440.0,1229844.5,1230775.0,1235571.0,1192492.75
136,Fillmore,15911,20,0,5,3,12,123,24,89,10,4,30,428539.0,430358.5,430365.0,430990.0,432102.0,434712.5,437604.5,440535.0,442530.5,445517.5,449960.5,453337.0,436158.5
137,Santa Rosa,177884,857,3,146,126,582,2874,486,2077,311,28,154,607251.0,600929.0,596703.0,592960.0,593600.0,597515.0,600625.0,601460.0,600407.0,601101.0,599542.0,599077.0,599974.5
138,Hollister,40399,114,1,15,27,71,311,61,174,76,5,10,610829.0,602219.0,597207.0,599424.0,602868.0,604772.0,605774.0,606791.0,607743.0,604383.0,602856.0,605103.0,604577.5
139,Kerman,15223,23,0,3,4,16,308,58,214,36,0,85,250551.0,252426.0,255033.0,256195.0,256021.0,256129.0,257757.0,260347.0,261390.0,262401.0,262592.0,263218.0,256976.0
140,Gilroy,60106,251,5,37,69,140,1479,186,1034,259,23,2,775848.0,765173.0,758808.0,759206.0,760226.0,757988.0,755901.0,754348.0,759909.0,760842.0,764529.0,767501.0,760067.5
141,Antioch,112641,648,12,55,238,343,3199,511,2078,610,59,4,540668.0,541721.5,538056.5,533615.0,531643.0,531648.5,533646.0,535114.5,538162.5,540554.5,543292.0,547181.0,538109.5
142,Banning,31450,136,2,16,27,91,532,179,210,143,0,1,261985.0,263258.0,264409.0,265053.0,264803.0,264886.0,265487.0,266078.0,265801.0,265248.0,263908.0,264613.0,264844.5
143,Marysville,12572,116,2,20,23,71,541,81,324,136,9,81,249826.0,251039.0,252135.0,253140.0,254346.0,256956.0,258424.0,259796.0,259473.0,260971.0,263252.0,265887.0,257690.0
144,Rancho Cucamonga,179247,500,4,39,108,349,3456,590,2560,306,13,363,593297.5,593680.0,595346.5,596384.0,598023.5,598061.0,596644.0,596854.5,597492.0,600688.5,603233.5,605736.5,597173.25
145,Avenal,12991,69,0,7,3,59,58,26,28,4,0,11,135070.0,136691.0,136547.0,137047.0,138578.0,139761.0,139460.0,136874.0,135682.0,135835.0,137002.0,139060.0,136938.0
146,Hercules,25789,31,0,5,15,11,341,31,278,32,0,81,731229.0,727262.0,726088.0,724374.0,725399.0,725386.0,724888.0,721163.0,721321.0,727226.0,739442.0,747798.0,725743.5
147,Visalia,134961,586,4,111,159,312,3900,747,2627,526,20,32,237140.0,236557.0,235662.0,235952.0,236889.0,237146.0,235748.0,234933.0,235299.0,237239.0,237462.0,237683.0,236723.0
148,West Sacramento,54372,212,1,34,79,98,1603,236,1158,209,26,1,351655.0,350106.5,352174.0,355999.0,358537.0,358392.0,358146.0,358896.0,358730.0,355660.5,352493.0,352038.5,355829.75
149,Merced,83854,540,5,34,103,398,2342,396,1439,507,70,64,270468.0,269893.0,269216.0,270384.5,271338.5,271929.5,271036.0,270442.5,269465.5,269336.0,269156.5,269590.0,270138.75
150,Paso Robles,32528,53,0,9,13,31,646,78,523,45,3,11,461462.0,461783.0,463090.0,465185.0,467736.0,467568.5,466594.5,467548.5,469393.0,471019.5,471121.5,472065.5,467558.5
151,El Segundo,16727,82,0,5,30,47,625,164,387,74,1,38,1367695.0,1361569.0,1356282.0,1354580.0,1352244.0,1351841.0,1332465.0,1322334.0,1318916.0,1330598.0,1337783.0,1346766.0,1349303.5
152,Fowler,6904,29,1,2,5,21,104,42,43,19,0,24,278495.0,279654.0,281230.0,281917.0,281521.0,281599.0,282672.0,284283.0,284561.0,285114.0,285887.0,286979.0,282294.5
153,Calexico,40327,94,0,3,21,70,894,244,470,180,56,25,219538.0,218867.0,219021.0,221001.0,222863.0,224557.0,225667.0,226094.0,224178.0,222799.0,222522.0,224996.0,222831.0
154,Santee,58701,98,0,8,29,61,806,74,659,73,7,3,494961.0,492194.0,491654.0,494475.0,496644.0,498788.0,500766.0,501790.0,501530.0,501690.0,504507.0,508188.0,499777.0
155,Roseville,141744,259,4,32,96,127,3154,389,2518,247,19,4,487887.0,489393.0,489465.0,490591.0,492055.0,492257.0,490965.0,490302.0,491821.0,493016.0,495078.0,498388.0,491393.0
156,Dos Palos,5594,64,0,0,2,62,169,36,89,44,3,6,224738.0,225371.0,225843.0,227388.0,227809.0,228051.0,228292.0,228849.0,229070.0,229174.0,230443.0,231403.0,228171.5
157,Fairfield,118383,442,5,48,162,227,3782,359,2780,643,23,11,470099.0,468076.0,467930.5,470252.5,471751.5,472001.0,473350.0,474746.5,476359.0,477669.0,476721.0,474423.5,472675.5
158,Moraga,17908,23,0,1,3,19,124,36,79,9,3,4,1379835.0,1369067.0,1354497.0,1345588.0,1344855.0,1346547.0,1331417.0,1314379.0,1296432.0,1302056.0,1311351.0,1320129.0,1338136.0
159,Willits,4937,16,0,2,6,8,92,28,51,13,2,2,310824.0,312474.0,310448.0,307426.0,304065.0,303802.0,303412.0,302524.0,300954.0,299821.0,296632.0,294611.0,303607.0
160,Greenfield,17809,54,1,9,9,35,165,31,98,36,12,9,347929.0,350563.0,353298.0,354961.0,355843.0,356514.0,357860.0,358508.0,359482.0,360230.0,360757.0,360802.0,357187.0
161,Sonoma,11323,38,0,6,1,31,122,21,95,6,1,3,704905.5,698912.5,698000.0,697691.0,703331.0,708545.5,713418.0,717359.5,718255.5,719347.5,714335.5,711305.5,709925.5
162,Palo Alto,66938,86,1,10,46,29,1983,179,1722,82,8,1,3468523.0,3420230.0,3384180.0,3381618.0,3369313.0,3346236.0,3311054.0,3289108.0,3301723.0,3320134.0,3340970.0,3363877.0,3355056.5
163,Vacaville,101147,331,3,47,80,201,2442,162,2120,160,8,13,471145.5,468947.0,468743.5,470863.5,472123.5,472627.0,474361.0,476158.0,477807.5,478962.0,477661.5,475488.0,473494.0
164,Galt,26796,77,0,10,15,52,449,71,340,38,7,18,372986.0,373370.0,373455.0,375366.0,377338.0,379123.0,378920.0,377919.0,378277.0,379586.0,382981.0,385773.0,378098.0
165,Manteca,83523,199,3,27,66,103,1848,239,1327,282,18,188,412566.0,411857.5,414823.5,415462.0,416940.5,417196.5,417105.5,417169.0,416448.0,416751.0,417259.0,419382.0,416845.75
166,Brentwood,65483,166,0,16,67,83,1335,142,1095,98,11,5,645933.0,641007.0,635299.0,633561.0,634479.0,634301.0,634157.0,634699.0,636722.0,639549.0,642694.0,646729.0,636010.5
167,Paramount,54422,347,4,16,151,176,1246,187,775,284,6,1,429338.0,428162.0,427676.0,428321.0,429779.0,432226.0,432091.0,432702.0,433875.0,437243.0,439848.0,443037.0,432158.5
168,Moorpark,36826,26,0,7,7,12,228,34,183,11,0,23,659270.0,658686.0,658861.0,659816.0,660375.0,658692.0,657495.0,657940.0,659945.0,662340.0,662804.0,666263.0,659543.0
169,El Centro,44303,143,3,9,41,90,1184,228,861,95,7,61,219396.0,219013.0,219012.0,220323.0,220923.0,222052.0,222358.0,222095.0,218926.0,217809.0,217870.0,220861.0,219859.5
170,Ridgecrest,29101,142,3,31,7,101,401,119,243,39,4,1,190906.0,191749.0,192052.0,191761.0,191997.0,192645.0,192361.0,192366.0,192208.0,193063.0,193865.0,194178.0,192284.5
171,Mendota,11433,83,1,4,4,74,155,45,50,60,1,65,199911.0,200388.0,198970.0,197242.0,197318.0,199818.0,203483.0,205954.0,206743.0,208023.0,209804.0,212127.0,201935.5
172,Patterson,22584,46,0,6,14,26,434,81,249,104,3,49,370185.0,371095.0,370667.0,373646.0,374870.0,376574.0,374785.0,374308.0,373196.0,375395.0,376615.0,378681.0,374546.5
173,Tehachapi,12211,60,2,8,7,43,327,70,231,26,0,29,273527.0,275865.0,277296.0,277379.0,277671.0,278318.0,277738.0,277924.0,277753.0,278615.0,279493.0,280212.0,277745.5
174,Dinuba,24685,161,1,5,25,130,530,58,405,67,20,79,223744.0,223636.0,223446.0,223899.0,224900.0,225197.0,223514.0,223074.0,223951.0,226722.0,226788.0,226703.0,223925.0
175,Temecula,116630,166,1,8,72,85,2626,318,2018,290,5,3,481914.0,483378.0,485866.0,486695.0,486414.0,485821.0,485678.0,485676.0,485038.0,487048.0,487936.0,491672.0,485843.5
176,Corcoran,21353,118,1,8,12,97,272,65,157,50,5,13,155746.0,157169.0,157446.0,157747.0,159287.0,160300.0,159818.0,158721.0,158676.0,160749.0,161748.0,163900.0,159004.0
177,Yucca Valley,21858,160,0,9,25,126,292,84,157,51,3,2,216029.0,217773.0,219045.0,220398.0,222348.0,223739.0,224114.0,224446.0,225554.0,227254.0,228602.0,229301.0,223926.5
178,Nevada City,3150,15,0,4,1,10,89,26,49,14,1,8,391989.5,393388.5,394664.0,399908.5,404078.5,405275.5,404114.0,402191.0,400844.5,398373.5,397176.5,398456.5,399182.5
179,Hughson,7671,5,0,0,0,5,46,8,29,9,0,40,374892.0,374862.0,373755.0,376788.0,378172.0,379570.0,377743.0,378314.0,378502.0,381902.0,383205.0,385511.0,378243.0
180,Gridley,6618,29,0,15,3,11,205,47,136,22,3,118,233511.0,241051.0,247051.0,250855.0,253701.0,256008.0,259020.0,261009.0,263369.0,264579.0,266924.0,267213.0,257514.0
181,Elk Grove,175492,372,0,35,114,223,2599,292,2107,200,10,33,433670.0,434033.0,434004.0,435874.0,438087.0,440219.0,440086.0,439209.0,439661.0,440931.0,444453.0,447776.0,439435.0
182,Newman,11844,16,0,2,3,11,113,25,68,20,1,7,302487.0,303574.0,303507.0,306237.0,307067.0,307992.0,306028.0,306002.0,306000.0,309072.0,311651.0,314676.0,306132.5
183,Clearlake,15400,119,1,19,36,63,460,146,210,104,11,5,173276.5,173970.0,174440.5,175419.0,176514.5,177941.5,180702.5,183756.0,185883.5,186347.0,187481.5,189690.0,179322.0
184,Selma,24983,85,3,6,25,51,605,204,280,121,0,60,227517.0,228800.0,230841.0,232100.0,232474.0,232984.0,234462.0,236579.0,237298.0,237959.0,237671.0,237635.0,233723.0
185,Santa Clarita,218103,277,2,49,89,137,2059,392,1448,219,17,10,563067.0,561391.5,560157.0,559674.5,560170.5,561467.5,560479.0,560556.5,561806.0,565287.5,567348.0,569899.0,561429.5
186,La Verne,32344,51,1,6,13,31,627,133,447,47,2,2,654285.0,652197.0,650991.0,649840.0,650330.0,652058.0,651311.0,651244.0,650922.0,653024.0,654602.0,657690.0,651684.5
187,Chico,95826,557,0,100,104,353,2406,272,1753,381,48,229,351610.0,361768.0,368361.0,372836.0,376938.0,381714.0,386264.0,388954.0,390736.0,392541.0,394695.0,394332.0,383989.0
188,Oakdale,23808,40,1,5,9,25,531,99,342,90,0,18,447791.0,447531.5,446719.0,448170.5,449624.5,452199.0,452614.5,454198.0,454609.0,455355.0,455200.0,455942.5,452406.75
189,Vallejo,122657,1037,12,138,336,551,4941,2888,1148,905,52,6,432189.5,430878.0,431414.5,433825.0,435689.5,436056.0,437167.5,438046.0,439365.0,440298.5,439309.5,436941.5,436498.75
190,Taft,9413,67,0,6,4,57,244,70,149,25,0,1,129248.0,129562.0,129389.0,128026.0,127728.0,127854.0,128761.0,129292.0,129837.0,130172.0,131231.0,131912.0,129340.5
191,Beaumont,50990,92,2,14,38,38,922,178,548,196,11,2,341393.0,342923.0,344881.0,345836.0,345755.0,345894.0,346197.0,346675.0,346328.0,347621.0,348085.0,350785.0,346045.5
192,Porterville,60209,192,2,7,47,136,1297,213,835,249,3,25,202189.0,201823.0,201459.0,202041.0,203384.0,204328.0,203767.0,203904.0,204503.0,206580.0,206495.0,206683.0,203835.5
193,Los Angeles,4015546,29400,258,2274,9652,17216,95704,13809,66253,15642,1672,64,710274.0,706744.0,704765.0,705198.0,705503.0,709004.0,707174.0,707399.0,707896.0,713545.0,718027.0,721433.0,707647.5
194,Holtville,6774,14,0,1,2,11,70,13,53,4,4,17,177085.0,176654.0,176430.0,176183.0,175825.0,175993.0,176492.0,176293.0,175324.0,175279.0,176319.0,178684.0,176306.0
195,Kingsburg,12123,18,0,2,3,13,219,76,107,36,1,158,284293.0,285207.0,287001.0,287781.0,287843.0,288512.0,291435.0,294875.0,296707.0,297387.0,296285.0,295533.0,289973.5
196,Tulare,65134,261,4,27,69,161,1469,225,951,293,11,15,216675.0,216315.0,215811.0,216440.0,217653.0,218557.0,218147.0,218228.0,218913.0,220586.0,220408.0,220584.0,218187.5
197,Brea,44155,72,0,10,29,33,1450,169,1209,72,3,6,754789.5,752361.0,751131.5,750295.5,750376.0,750099.0,751110.0,753850.5,759220.0,762363.0,761689.0,759217.5,753105.75
198,Martinez,38692,83,0,17,26,40,570,99,386,85,11,242,604227.0,601005.0,595946.0,591299.0,589198.0,587011.0,589049.0,590572.0,592510.0,593938.0,595866.0,599750.0,593224.0
199,Riverbank,25045,24,1,3,7,13,375,49,273,53,3,27,324892.0,325774.0,325626.0,328392.0,329779.0,331255.0,330247.0,330660.0,330650.0,333044.0,334293.0,336539.0,330448.5
200,Simi Valley,126025,146,1,15,35,95,1188,208,889,91,7,136,584613.0,583926.0,583572.5,584759.0,585506.0,584196.0,582819.5,582335.5,584195.5,586449.0,587490.5,590879.5,584404.5
201,Montebello,62650,178,0,11,90,77,1448,480,580,388,81,44,544682.0,542160.0,540469.0,540541.0,541808.0,543393.0,541492.0,541411.0,542496.0,546646.0,549344.0,553013.0,542328.0
202,Corona,170875,291,4,43,103,141,3482,646,2251,585,28,130,498592.5,499806.5,501901.5,502391.5,502081.0,501584.5,501406.5,501260.5,500212.5,502099.0,502830.0,506852.5,501743.0
203,Turlock,74120,426,1,29,138,258,2323,402,1483,438,34,14,325808.0,326138.5,325719.0,328457.0,329681.5,330903.5,329524.0,330153.5,330364.0,332840.0,333996.0,335809.0,329917.5
204,Orange Cove,9635,18,0,0,2,16,61,12,38,11,0,24,179962.0,180026.0,180140.0,180141.0,180994.0,182508.0,184886.0,186894.0,187554.0,188282.0,188625.0,189530.0,183697.0
205,Ventura,111596,458,3,56,106,293,2969,353,2362,254,7,51,588909.0,589623.0,590256.0,590424.0,590184.0,588120.0,584427.0,582878.0,583505.0,586435.0,586612.0,588584.0,588352.0
206,Lancaster,159335,1359,7,114,374,864,3346,792,1916,638,49,46,267894.0,267727.0,268008.0,268709.0,269938.0,270998.0,270826.0,271170.0,271981.0,273824.0,274924.0,276477.0,270912.0
207,Calimesa,9073,22,0,0,7,15,280,51,193,36,0,10,361041.0,362290.0,363865.0,364425.0,363553.0,363154.0,364411.0,364822.0,364276.0,364618.0,365030.0,368246.0,364343.5
208,Watsonville,54261,328,1,37,53,237,971,148,589,234,8,4,599034.0,603472.0,604195.0,607712.0,605028.0,605095.0,603954.0,601449.0,600769.0,601812.0,602279.0,602912.0,603192.0
209,Riverside,333260,1686,17,139,476,1054,9790,1302,6997,1491,75,25,400432.0,401994.0,404096.0,404978.0,404675.0,404523.0,404923.0,405807.0,405938.0,407940.0,408807.0,411678.0,404950.5
210,Coachella,46485,126,0,9,43,74,894,135,580,179,5,2,255701.0,257392.0,259386.0,260436.0,261330.0,262460.0,263697.0,264185.0,263538.0,263320.0,262937.0,264703.0,262698.5
211,Sacramento,513934,3223,34,127,1039,2023,16354,2993,10644,2717,179,67,315201.0,315956.0,316463.0,318634.0,320733.0,322422.0,322326.0,321175.0,320963.0,321269.0,324097.0,326846.0,321069.0
212,Rosemead,54489,175,1,11,74,89,942,196,552,194,8,2,607603.0,605365.0,602488.0,601516.0,601378.0,602906.0,598589.0,598025.0,599310.0,605170.0,607984.0,610454.0,602697.0
213,South Lake Tahoe,22116,111,2,10,20,79,449,79,335,35,0,2,408985.0,412769.0,412856.0,410028.5,412246.5,414438.5,416377.5,413070.5,407262.0,404136.0,401586.0,398757.0,411137.5
214,Santa Ana,333664,1453,13,207,472,761,6808,854,4611,1343,49,1,528666.0,528651.0,530296.0,532374.0,534766.0,535232.0,536125.0,538053.0,543074.0,546699.0,547406.0,546159.0,535678.5
215,Oakland,434036,5520,78,372,2859,2211,27868,2599,20228,5041,207,3,672605.0,668239.0,667073.5,666482.0,665599.0,667072.0,671046.0,673805.0,674935.5,671399.5,668902.0,669856.0,669379.0
216,Wildomar,37939,61,0,1,12,48,637,101,375,161,1,18,409219.0,409974.0,412108.0,413321.0,413757.0,413552.0,413693.0,413753.0,413385.0,414704.0,415488.0,418265.0,413622.5
217,Farmersville,10781,35,0,0,5,30,190,24,138,28,3,78,176981.0,177252.0,177300.0,177753.0,178522.0,179086.0,178394.0,178496.0,179173.0,180733.0,180278.0,180269.0,178509.0
218,Needles,5001,71,1,4,6,60,174,66,97,11,10,2,104092.0,103920.0,102962.0,102842.0,103959.0,105319.0,106765.0,106219.0,106535.0,106288.0,107797.0,108104.0,105769.0
219,Waterford,9021,13,0,1,5,7,143,17,76,50,0,28,281143.0,281440.0,281168.0,283168.0,283499.0,284270.0,283462.0,284180.0,284249.0,286427.0,287711.0,290009.0,283839.5
220,Marina,22911,43,0,6,10,27,361,67,242,52,1,2,613634.0,617557.0,618975.0,618372.0,616952.0,618822.0,620225.0,622946.0,623035.0,624841.0,625798.0,627812.0,619600.0
221,Escalon,7644,16,0,1,0,15,135,25,102,8,1,24,406914.0,405953.0,408504.0,409385.0,411122.0,412335.0,412926.0,413742.0,413817.0,414223.0,415248.0,417938.0,412630.5
222,Torrance,145183,280,3,26,114,137,2853,399,2161,293,12,262,812175.5,809015.0,806747.5,806121.0,806314.5,807433.5,802925.0,802189.0,803861.0,810329.0,813966.0,817526.0,807090.5
223,Coronado,21115,9,0,1,7,1,324,34,276,14,2,1,1761793.0,1759840.0,1759573.0,1764903.0,1763997.0,1776083.0,1797824.0,1826251.0,1851532.0,1861044.0,1868062.0,1870336.0,1786953.5
224,Benicia,28471,16,0,1,13,2,377,72,250,55,2,210,631215.0,627286.0,626776.0,628989.0,631709.0,631450.0,633035.0,636639.0,640258.0,642336.0,638451.0,633318.0,632372.0
225,Carson,91947,444,5,31,122,286,2004,328,1277,399,14,147,549585.0,548537.0,548863.5,550662.5,553148.0,555818.0,555961.5,557812.0,560366.0,564596.5,566913.0,569794.0,555889.75
226,Biggs,1726,3,0,1,0,2,17,3,10,4,0,53,229576.0,237455.0,243255.0,247049.0,249903.0,251497.0,255128.0,257096.0,259718.0,259905.0,261424.0,261636.0,253312.5
227,Gonzales,8408,17,0,1,4,12,73,12,40,21,1,1,415828.0,419538.0,420907.0,420943.0,419121.0,420115.0,420478.0,421190.0,420647.0,421558.0,422472.0,424333.0,420777.0
228,Delano,53002,205,8,8,33,156,1118,203,603,312,40,57,213434.0,215148.0,216157.0,215949.0,216605.0,217421.0,218116.0,218559.0,218823.0,218982.0,219704.0,220657.0,217768.5
